[{"model": "admin.logentry", "pk": 1, "fields": {"action_time": "2022-08-26T07:35:05.388Z", "user": 1, "content_type": 7, "object_id": "1", "object_repr": "Лосины", "action_flag": 1, "change_message": "[{\"added\": {}}]"}}, {"model": "admin.logentry", "pk": 2, "fields": {"action_time": "2022-08-26T07:36:10.579Z", "user": 1, "content_type": 7, "object_id": "2", "object_repr": "Футболки", "action_flag": 1, "change_message": "[{\"added\": {}}]"}}, {"model": "admin.logentry", "pk": 3, "fields": {"action_time": "2022-08-26T07:36:31.032Z", "user": 1, "content_type": 7, "object_id": "3", "object_repr": "Шорты", "action_flag": 1, "change_message": "[{\"added\": {}}]"}}, {"model": "admin.logentry", "pk": 4, "fields": {"action_time": "2022-08-26T07:42:38.399Z", "user": 1, "content_type": 8, "object_id": "1", "object_repr": "Футболка1", "action_flag": 1, "change_message": "[{\"added\": {}}]"}}, {"model": "admin.logentry", "pk": 5, "fields": {"action_time": "2022-08-26T07:44:07.594Z", "user": 1, "content_type": 8, "object_id": "2", "object_repr": "sdfa", "action_flag": 1, "change_message": "[{\"added\": {}}]"}}, {"model": "admin.logentry", "pk": 6, "fields": {"action_time": "2022-08-26T09:48:56.776Z", "user": 1, "content_type": 8, "object_id": "2", "object_repr": "sdfa", "action_flag": 3, "change_message": ""}}, {"model": "admin.logentry", "pk": 7, "fields": {"action_time": "2022-08-26T09:48:56.779Z", "user": 1, "content_type": 8, "object_id": "1", "object_repr": "Футболка1", "action_flag": 3, "change_message": ""}}, {"model": "admin.logentry", "pk": 8, "fields": {"action_time": "2022-08-26T09:50:33.869Z", "user": 1, "content_type": 8, "object_id": "3", "object_repr": "Футболка 1", "action_flag": 1, "change_message": "[{\"added\": {}}]"}}, {"model": "admin.logentry", "pk": 9, "fields": {"action_time": "2022-08-26T09:50:49.799Z", "user": 1, "content_type": 8, "object_id": "4", "object_repr": "футболка 2", "action_flag": 1, "change_message": "[{\"added\": {}}]"}}, {"model": "admin.logentry", "pk": 10, "fields": {"action_time": "2022-09-03T11:56:12.125Z", "user": 1, "content_type": 7, "object_id": "4", "object_repr": "Куртки", "action_flag": 1, "change_message": "[{\"added\": {}}]"}}, {"model": "admin.logentry", "pk": 11, "fields": {"action_time": "2022-09-03T11:56:19.836Z", "user": 1, "content_type": 7, "object_id": "5", "object_repr": "Кроссовки", "action_flag": 1, "change_message": "[{\"added\": {}}]"}}, {"model": "admin.logentry", "pk": 12, "fields": {"action_time": "2022-09-03T11:56:27.571Z", "user": 1, "content_type": 7, "object_id": "1", "object_repr": "Лосины", "action_flag": 3, "change_message": ""}}, {"model": "admin.logentry", "pk": 13, "fields": {"action_time": "2022-09-03T12:00:37.976Z", "user": 1, "content_type": 8, "object_id": "5", "object_repr": "футболка 3", "action_flag": 1, "change_message": "[{\"added\": {}}]"}}, {"model": "admin.logentry", "pk": 14, "fields": {"action_time": "2022-09-03T12:00:51.678Z", "user": 1, "content_type": 8, "object_id": "3", "object_repr": "Футболка 1", "action_flag": 3, "change_message": ""}}, {"model": "admin.logentry", "pk": 15, "fields": {"action_time": "2022-09-03T12:00:51.681Z", "user": 1, "content_type": 8, "object_id": "4", "object_repr": "футболка 2", "action_flag": 3, "change_message": ""}}, {"model": "admin.logentry", "pk": 16, "fields": {"action_time": "2022-09-03T12:01:27.830Z", "user": 1, "content_type": 8, "object_id": "6", "object_repr": "футболка 1", "action_flag": 1, "change_message": "[{\"added\": {}}]"}}, {"model": "admin.logentry", "pk": 17, "fields": {"action_time": "2022-09-03T12:02:55.750Z", "user": 1, "content_type": 8, "object_id": "7", "object_repr": "футболка 2", "action_flag": 1, "change_message": "[{\"added\": {}}]"}}, {"model": "admin.logentry", "pk": 18, "fields": {"action_time": "2022-09-03T12:04:04.591Z", "user": 1, "content_type": 8, "object_id": "8", "object_repr": "футболка 5", "action_flag": 1, "change_message": "[{\"added\": {}}]"}}, {"model": "admin.logentry", "pk": 19, "fields": {"action_time": "2022-09-03T12:06:03.087Z", "user": 1, "content_type": 8, "object_id": "9", "object_repr": "кроссовки 1", "action_flag": 1, "change_message": "[{\"added\": {}}]"}}, {"model": "admin.logentry", "pk": 20, "fields": {"action_time": "2022-09-03T12:06:25.427Z", "user": 1, "content_type": 8, "object_id": "10", "object_repr": "кросы 2", "action_flag": 1, "change_message": "[{\"added\": {}}]"}}, {"model": "admin.logentry", "pk": 21, "fields": {"action_time": "2022-09-11T10:45:03.538Z", "user": 1, "content_type": 8, "object_id": "9", "object_repr": "кроссовки 1", "action_flag": 2, "change_message": "[{\"changed\": {\"fields\": [\"\\u0426\\u0435\\u043d\\u0430\"]}}]"}}, {"model": "admin.logentry", "pk": 22, "fields": {"action_time": "2022-09-11T10:45:03.543Z", "user": 1, "content_type": 8, "object_id": "10", "object_repr": "кросы 2", "action_flag": 2, "change_message": "[{\"changed\": {\"fields\": [\"\\u0426\\u0435\\u043d\\u0430\"]}}]"}}, {"model": "admin.logentry", "pk": 23, "fields": {"action_time": "2022-09-11T10:45:03.546Z", "user": 1, "content_type": 8, "object_id": "7", "object_repr": "футболка 2", "action_flag": 2, "change_message": "[{\"changed\": {\"fields\": [\"\\u0426\\u0435\\u043d\\u0430\"]}}]"}}, {"model": "admin.logentry", "pk": 24, "fields": {"action_time": "2022-09-11T10:45:03.549Z", "user": 1, "content_type": 8, "object_id": "5", "object_repr": "футболка 3", "action_flag": 2, "change_message": "[{\"changed\": {\"fields\": [\"\\u0426\\u0435\\u043d\\u0430\"]}}]"}}, {"model": "admin.logentry", "pk": 25, "fields": {"action_time": "2022-09-11T10:45:03.552Z", "user": 1, "content_type": 8, "object_id": "8", "object_repr": "футболка 5", "action_flag": 2, "change_message": "[{\"changed\": {\"fields\": [\"\\u0426\\u0435\\u043d\\u0430\"]}}]"}}, {"model": "admin.logentry", "pk": 26, "fields": {"action_time": "2022-09-11T10:52:43.437Z", "user": 1, "content_type": 8, "object_id": "11", "object_repr": "Шорты1", "action_flag": 1, "change_message": "[{\"added\": {}}]"}}, {"model": "admin.logentry", "pk": 27, "fields": {"action_time": "2022-09-11T10:53:48.550Z", "user": 1, "content_type": 8, "object_id": "12", "object_repr": "кросы 4", "action_flag": 1, "change_message": "[{\"added\": {}}]"}}, {"model": "admin.logentry", "pk": 28, "fields": {"action_time": "2022-09-11T10:54:28.705Z", "user": 1, "content_type": 8, "object_id": "13", "object_repr": "куртка1", "action_flag": 1, "change_message": "[{\"added\": {}}]"}}, {"model": "admin.logentry", "pk": 29, "fields": {"action_time": "2022-09-11T10:54:50.573Z", "user": 1, "content_type": 8, "object_id": "14", "object_repr": "куртка 2", "action_flag": 1, "change_message": "[{\"added\": {}}]"}}, {"model": "admin.logentry", "pk": 30, "fields": {"action_time": "2022-09-11T10:55:59.783Z", "user": 1, "content_type": 8, "object_id": "15", "object_repr": "шорты123", "action_flag": 1, "change_message": "[{\"added\": {}}]"}}, {"model": "admin.logentry", "pk": 31, "fields": {"action_time": "2022-09-11T10:56:19.646Z", "user": 1, "content_type": 8, "object_id": "16", "object_repr": "кросы1234", "action_flag": 1, "change_message": "[{\"added\": {}}]"}}, {"model": "admin.logentry", "pk": 32, "fields": {"action_time": "2022-09-11T10:56:46.155Z", "user": 1, "content_type": 8, "object_id": "17", "object_repr": "кросы12432", "action_flag": 1, "change_message": "[{\"added\": {}}]"}}, {"model": "admin.logentry", "pk": 33, "fields": {"action_time": "2022-09-11T10:57:46.237Z", "user": 1, "content_type": 8, "object_id": "18", "object_repr": "шорты12334", "action_flag": 1, "change_message": "[{\"added\": {}}]"}}, {"model": "admin.logentry", "pk": 34, "fields": {"action_time": "2022-09-20T12:36:57.928Z", "user": 1, "content_type": 8, "object_id": "11", "object_repr": "Шорты1", "action_flag": 2, "change_message": "[{\"changed\": {\"fields\": [\"\\u041e\\u043f\\u0438\\u0441\\u0430\\u043d\\u0438\\u0435\"]}}]"}}, {"model": "admin.logentry", "pk": 35, "fields": {"action_time": "2022-09-20T12:37:27.231Z", "user": 1, "content_type": 8, "object_id": "9", "object_repr": "кроссовки 1", "action_flag": 2, "change_message": "[{\"changed\": {\"fields\": [\"\\u041e\\u043f\\u0438\\u0441\\u0430\\u043d\\u0438\\u0435\"]}}]"}}, {"model": "admin.logentry", "pk": 36, "fields": {"action_time": "2022-09-20T12:37:46.963Z", "user": 1, "content_type": 8, "object_id": "10", "object_repr": "кросы 2", "action_flag": 2, "change_message": "[{\"changed\": {\"fields\": [\"\\u041e\\u043f\\u0438\\u0441\\u0430\\u043d\\u0438\\u0435\"]}}]"}}, {"model": "admin.logentry", "pk": 37, "fields": {"action_time": "2022-09-20T12:38:07.339Z", "user": 1, "content_type": 8, "object_id": "12", "object_repr": "кросы 4", "action_flag": 2, "change_message": "[{\"changed\": {\"fields\": [\"\\u041e\\u043f\\u0438\\u0441\\u0430\\u043d\\u0438\\u0435\", \"\\u0426\\u0435\\u043d\\u0430\"]}}]"}}, {"model": "admin.logentry", "pk": 38, "fields": {"action_time": "2022-09-20T12:38:29.049Z", "user": 1, "content_type": 8, "object_id": "16", "object_repr": "кросы1234", "action_flag": 2, "change_message": "[{\"changed\": {\"fields\": [\"\\u041e\\u043f\\u0438\\u0441\\u0430\\u043d\\u0438\\u0435\", \"\\u0426\\u0435\\u043d\\u0430\"]}}]"}}, {"model": "admin.logentry", "pk": 39, "fields": {"action_time": "2022-09-20T12:38:54.996Z", "user": 1, "content_type": 8, "object_id": "17", "object_repr": "кросы12432", "action_flag": 2, "change_message": "[{\"changed\": {\"fields\": [\"\\u041e\\u043f\\u0438\\u0441\\u0430\\u043d\\u0438\\u0435\", \"\\u0426\\u0435\\u043d\\u0430\"]}}]"}}, {"model": "admin.logentry", "pk": 40, "fields": {"action_time": "2022-09-20T12:40:05.873Z", "user": 1, "content_type": 8, "object_id": "14", "object_repr": "куртка 2", "action_flag": 2, "change_message": "[{\"changed\": {\"fields\": [\"\\u041e\\u043f\\u0438\\u0441\\u0430\\u043d\\u0438\\u0435\", \"\\u0426\\u0435\\u043d\\u0430\"]}}]"}}, {"model": "admin.logentry", "pk": 41, "fields": {"action_time": "2022-09-20T12:40:43.316Z", "user": 1, "content_type": 8, "object_id": "13", "object_repr": "куртка1", "action_flag": 2, "change_message": "[{\"changed\": {\"fields\": [\"\\u041e\\u043f\\u0438\\u0441\\u0430\\u043d\\u0438\\u0435\", \"\\u0426\\u0435\\u043d\\u0430\"]}}]"}}, {"model": "admin.logentry", "pk": 42, "fields": {"action_time": "2022-09-20T12:41:06.657Z", "user": 1, "content_type": 8, "object_id": "6", "object_repr": "футболка 1", "action_flag": 2, "change_message": "[{\"changed\": {\"fields\": [\"\\u041e\\u043f\\u0438\\u0441\\u0430\\u043d\\u0438\\u0435\", \"\\u0426\\u0435\\u043d\\u0430\"]}}]"}}, {"model": "admin.logentry", "pk": 43, "fields": {"action_time": "2022-09-20T12:41:24.536Z", "user": 1, "content_type": 8, "object_id": "7", "object_repr": "футболка 2", "action_flag": 2, "change_message": "[{\"changed\": {\"fields\": [\"\\u041e\\u043f\\u0438\\u0441\\u0430\\u043d\\u0438\\u0435\", \"\\u0426\\u0435\\u043d\\u0430\"]}}]"}}, {"model": "admin.logentry", "pk": 44, "fields": {"action_time": "2022-09-20T12:41:46.187Z", "user": 1, "content_type": 8, "object_id": "5", "object_repr": "футболка 3", "action_flag": 2, "change_message": "[{\"changed\": {\"fields\": [\"\\u041e\\u043f\\u0438\\u0441\\u0430\\u043d\\u0438\\u0435\"]}}]"}}, {"model": "admin.logentry", "pk": 45, "fields": {"action_time": "2022-09-20T12:42:05.226Z", "user": 1, "content_type": 8, "object_id": "8", "object_repr": "футболка 5", "action_flag": 2, "change_message": "[{\"changed\": {\"fields\": [\"\\u041e\\u043f\\u0438\\u0441\\u0430\\u043d\\u0438\\u0435\", \"\\u0426\\u0435\\u043d\\u0430\"]}}]"}}, {"model": "admin.logentry", "pk": 46, "fields": {"action_time": "2022-09-20T12:42:26.911Z", "user": 1, "content_type": 8, "object_id": "15", "object_repr": "шорты123", "action_flag": 2, "change_message": "[{\"changed\": {\"fields\": [\"\\u041e\\u043f\\u0438\\u0441\\u0430\\u043d\\u0438\\u0435\", \"\\u0426\\u0435\\u043d\\u0430\"]}}]"}}, {"model": "admin.logentry", "pk": 47, "fields": {"action_time": "2022-09-20T12:42:50.677Z", "user": 1, "content_type": 8, "object_id": "18", "object_repr": "шорты12334", "action_flag": 2, "change_message": "[{\"changed\": {\"fields\": [\"\\u041e\\u043f\\u0438\\u0441\\u0430\\u043d\\u0438\\u0435\", \"\\u0426\\u0435\\u043d\\u0430\"]}}]"}}, {"model": "admin.logentry", "pk": 48, "fields": {"action_time": "2022-09-28T15:21:46.988Z", "user": 1, "content_type": 8, "object_id": "17", "object_repr": "кросы12432", "action_flag": 2, "change_message": "[{\"changed\": {\"fields\": [\"Available\"]}}]"}}, {"model": "admin.logentry", "pk": 49, "fields": {"action_time": "2022-09-29T11:37:56.166Z", "user": 1, "content_type": 8, "object_id": "11", "object_repr": "Шорты1", "action_flag": 2, "change_message": "[{\"changed\": {\"name\": \"review\", \"object\": \"Review object (10)\", \"fields\": [\"Text\"]}}, {\"changed\": {\"name\": \"review\", \"object\": \"Review object (8)\", \"fields\": [\"Rating\"]}}]"}}, {"model": "admin.logentry", "pk": 50, "fields": {"action_time": "2023-11-25T08:03:38.212Z", "user": 31, "content_type": 14, "object_id": "1", "object_repr": "Size", "action_flag": 1, "change_message": "[{\"added\": {}}]"}}, {"model": "admin.logentry", "pk": 51, "fields": {"action_time": "2023-11-25T08:03:49.440Z", "user": 31, "content_type": 14, "object_id": "2", "object_repr": "Type", "action_flag": 1, "change_message": "[{\"added\": {}}]"}}, {"model": "admin.logentry", "pk": 52, "fields": {"action_time": "2023-11-25T08:03:59.816Z", "user": 31, "content_type": 14, "object_id": "3", "object_repr": "Brand", "action_flag": 1, "change_message": "[{\"added\": {}}]"}}, {"model": "admin.logentry", "pk": 53, "fields": {"action_time": "2023-11-25T08:04:29.136Z", "user": 31, "content_type": 13, "object_id": "1", "object_repr": "XS", "action_flag": 1, "change_message": "[{\"added\": {}}]"}}, {"model": "admin.logentry", "pk": 54, "fields": {"action_time": "2023-11-25T08:04:47.103Z", "user": 31, "content_type": 13, "object_id": "2", "object_repr": "S", "action_flag": 1, "change_message": "[{\"added\": {}}]"}}, {"model": "admin.logentry", "pk": 55, "fields": {"action_time": "2023-11-25T08:04:58.582Z", "user": 31, "content_type": 13, "object_id": "3", "object_repr": "M", "action_flag": 1, "change_message": "[{\"added\": {}}]"}}, {"model": "admin.logentry", "pk": 56, "fields": {"action_time": "2023-11-25T08:05:12.131Z", "user": 31, "content_type": 13, "object_id": "4", "object_repr": "L", "action_flag": 1, "change_message": "[{\"added\": {}}]"}}, {"model": "admin.logentry", "pk": 57, "fields": {"action_time": "2023-11-25T08:05:20.438Z", "user": 31, "content_type": 13, "object_id": "5", "object_repr": "XL", "action_flag": 1, "change_message": "[{\"added\": {}}]"}}, {"model": "admin.logentry", "pk": 58, "fields": {"action_time": "2023-11-25T08:07:05.261Z", "user": 31, "content_type": 13, "object_id": "6", "object_repr": "Hoodie", "action_flag": 1, "change_message": "[{\"added\": {}}]"}}, {"model": "admin.logentry", "pk": 59, "fields": {"action_time": "2023-11-25T08:07:24.104Z", "user": 31, "content_type": 13, "object_id": "7", "object_repr": "Mouse", "action_flag": 1, "change_message": "[{\"added\": {}}]"}}, {"model": "admin.logentry", "pk": 60, "fields": {"action_time": "2023-11-25T08:15:11.746Z", "user": 31, "content_type": 13, "object_id": "8", "object_repr": "Energy", "action_flag": 1, "change_message": "[{\"added\": {}}]"}}, {"model": "admin.logentry", "pk": 61, "fields": {"action_time": "2023-11-25T08:21:13.794Z", "user": 31, "content_type": 13, "object_id": "9", "object_repr": "Jacket", "action_flag": 1, "change_message": "[{\"added\": {}}]"}}, {"model": "admin.logentry", "pk": 62, "fields": {"action_time": "2023-11-25T08:22:19.250Z", "user": 31, "content_type": 13, "object_id": "10", "object_repr": "Jersey", "action_flag": 1, "change_message": "[{\"added\": {}}]"}}, {"model": "admin.logentry", "pk": 63, "fields": {"action_time": "2023-11-25T08:22:34.689Z", "user": 31, "content_type": 13, "object_id": "11", "object_repr": "G2", "action_flag": 1, "change_message": "[{\"added\": {}}]"}}, {"model": "admin.logentry", "pk": 64, "fields": {"action_time": "2023-11-25T08:22:55.458Z", "user": 31, "content_type": 13, "object_id": "12", "object_repr": "Astralis", "action_flag": 1, "change_message": "[{\"added\": {}}]"}}, {"model": "admin.logentry", "pk": 65, "fields": {"action_time": "2023-11-25T08:23:37.845Z", "user": 31, "content_type": 13, "object_id": "13", "object_repr": "ESL", "action_flag": 1, "change_message": "[{\"added\": {}}]"}}, {"model": "admin.logentry", "pk": 66, "fields": {"action_time": "2023-11-25T08:24:31.283Z", "user": 31, "content_type": 13, "object_id": "14", "object_repr": "FaZe Clan", "action_flag": 1, "change_message": "[{\"added\": {}}]"}}, {"model": "admin.logentry", "pk": 67, "fields": {"action_time": "2023-11-25T08:25:51.569Z", "user": 31, "content_type": 7, "object_id": "6", "object_repr": "Hoodies & Sweatshirts", "action_flag": 1, "change_message": "[{\"added\": {}}]"}}, {"model": "admin.logentry", "pk": 68, "fields": {"action_time": "2023-11-25T08:30:18.443Z", "user": 31, "content_type": 8, "object_id": "19", "object_repr": "ESL x Champion Entry Pullover Hoodie", "action_flag": 1, "change_message": "[{\"added\": {}}]"}}, {"model": "admin.logentry", "pk": 69, "fields": {"action_time": "2023-11-25T20:29:45.935Z", "user": 31, "content_type": 7, "object_id": "7", "object_repr": "Hardware", "action_flag": 1, "change_message": "[{\"added\": {}}]"}}, {"model": "admin.logentry", "pk": 70, "fields": {"action_time": "2023-11-25T20:31:37.232Z", "user": 31, "content_type": 8, "object_id": "20", "object_repr": "ESL x Razer Mouse Viper", "action_flag": 1, "change_message": "[{\"added\": {}}]"}}, {"model": "admin.logentry", "pk": 71, "fields": {"action_time": "2023-11-25T20:32:17.436Z", "user": 31, "content_type": 8, "object_id": "20", "object_repr": "ESL x Razer Mouse Viper", "action_flag": 2, "change_message": "[{\"changed\": {\"fields\": [\"\\u0422\\u0435\\u0433\"]}}]"}}, {"model": "admin.logentry", "pk": 72, "fields": {"action_time": "2023-11-25T20:36:01.678Z", "user": 31, "content_type": 8, "object_id": "20", "object_repr": "ESL x Razer Mouse Viper", "action_flag": 2, "change_message": "[{\"changed\": {\"fields\": [\"\\u0422\\u0435\\u0433\"]}}]"}}, {"model": "admin.logentry", "pk": 73, "fields": {"action_time": "2023-11-26T13:19:52.716Z", "user": 31, "content_type": 13, "object_id": "15", "object_repr": "NAVI", "action_flag": 1, "change_message": "[{\"added\": {}}]"}}, {"model": "admin.logentry", "pk": 74, "fields": {"action_time": "2023-11-26T13:23:45.674Z", "user": 31, "content_type": 8, "object_id": "21", "object_repr": "NaVi x Puma Hoodie halfzip 2022", "action_flag": 1, "change_message": "[{\"added\": {}}]"}}, {"model": "admin.logentry", "pk": 75, "fields": {"action_time": "2023-11-26T19:05:03.086Z", "user": 31, "content_type": 8, "object_id": "11", "object_repr": "Шорты1", "action_flag": 3, "change_message": ""}}, {"model": "admin.logentry", "pk": 76, "fields": {"action_time": "2023-11-26T19:05:03.097Z", "user": 31, "content_type": 8, "object_id": "9", "object_repr": "кроссовки 1", "action_flag": 3, "change_message": ""}}, {"model": "admin.logentry", "pk": 77, "fields": {"action_time": "2023-11-26T19:05:03.105Z", "user": 31, "content_type": 8, "object_id": "10", "object_repr": "кросы 2", "action_flag": 3, "change_message": ""}}, {"model": "admin.logentry", "pk": 78, "fields": {"action_time": "2023-11-26T19:05:03.113Z", "user": 31, "content_type": 8, "object_id": "12", "object_repr": "кросы 4", "action_flag": 3, "change_message": ""}}, {"model": "admin.logentry", "pk": 79, "fields": {"action_time": "2023-11-26T19:05:03.133Z", "user": 31, "content_type": 8, "object_id": "16", "object_repr": "кросы1234", "action_flag": 3, "change_message": ""}}, {"model": "admin.logentry", "pk": 80, "fields": {"action_time": "2023-11-26T19:05:03.143Z", "user": 31, "content_type": 8, "object_id": "17", "object_repr": "кросы12432", "action_flag": 3, "change_message": ""}}, {"model": "admin.logentry", "pk": 81, "fields": {"action_time": "2023-11-26T19:05:03.152Z", "user": 31, "content_type": 8, "object_id": "14", "object_repr": "куртка 2", "action_flag": 3, "change_message": ""}}, {"model": "admin.logentry", "pk": 82, "fields": {"action_time": "2023-11-26T19:05:03.161Z", "user": 31, "content_type": 8, "object_id": "13", "object_repr": "куртка1", "action_flag": 3, "change_message": ""}}, {"model": "admin.logentry", "pk": 83, "fields": {"action_time": "2023-11-26T19:05:03.222Z", "user": 31, "content_type": 8, "object_id": "6", "object_repr": "футболка 1", "action_flag": 3, "change_message": ""}}, {"model": "admin.logentry", "pk": 84, "fields": {"action_time": "2023-11-26T19:05:03.239Z", "user": 31, "content_type": 8, "object_id": "7", "object_repr": "футболка 2", "action_flag": 3, "change_message": ""}}, {"model": "admin.logentry", "pk": 85, "fields": {"action_time": "2023-11-26T19:05:03.261Z", "user": 31, "content_type": 8, "object_id": "5", "object_repr": "футболка 3", "action_flag": 3, "change_message": ""}}, {"model": "admin.logentry", "pk": 86, "fields": {"action_time": "2023-11-26T19:05:03.278Z", "user": 31, "content_type": 8, "object_id": "8", "object_repr": "футболка 5", "action_flag": 3, "change_message": ""}}, {"model": "admin.logentry", "pk": 87, "fields": {"action_time": "2023-11-26T19:05:03.292Z", "user": 31, "content_type": 8, "object_id": "15", "object_repr": "шорты123", "action_flag": 3, "change_message": ""}}, {"model": "admin.logentry", "pk": 88, "fields": {"action_time": "2023-11-26T19:05:03.309Z", "user": 31, "content_type": 8, "object_id": "18", "object_repr": "шорты12334", "action_flag": 3, "change_message": ""}}, {"model": "admin.logentry", "pk": 89, "fields": {"action_time": "2023-11-26T19:14:42.885Z", "user": 31, "content_type": 7, "object_id": "8", "object_repr": "Jerseys", "action_flag": 1, "change_message": "[{\"added\": {}}]"}}, {"model": "admin.logentry", "pk": 90, "fields": {"action_time": "2023-11-26T19:16:40.366Z", "user": 31, "content_type": 8, "object_id": "22", "object_repr": "G2 CS:GO 2023 Pro Jersey Black", "action_flag": 1, "change_message": "[{\"added\": {}}]"}}, {"model": "admin.logentry", "pk": 91, "fields": {"action_time": "2023-11-26T19:17:30.739Z", "user": 31, "content_type": 7, "object_id": "5", "object_repr": "Кроссовки", "action_flag": 3, "change_message": ""}}, {"model": "admin.logentry", "pk": 92, "fields": {"action_time": "2023-11-26T19:17:30.800Z", "user": 31, "content_type": 7, "object_id": "4", "object_repr": "Куртки", "action_flag": 3, "change_message": ""}}, {"model": "admin.logentry", "pk": 93, "fields": {"action_time": "2023-11-26T19:17:30.851Z", "user": 31, "content_type": 7, "object_id": "2", "object_repr": "Футболки", "action_flag": 3, "change_message": ""}}, {"model": "admin.logentry", "pk": 94, "fields": {"action_time": "2023-11-26T19:17:30.883Z", "user": 31, "content_type": 7, "object_id": "3", "object_repr": "Шорты", "action_flag": 3, "change_message": ""}}, {"model": "admin.logentry", "pk": 95, "fields": {"action_time": "2023-11-27T06:30:57.390Z", "user": 31, "content_type": 11, "object_id": "51", "object_repr": "Заказ 51", "action_flag": 3, "change_message": ""}}, {"model": "admin.logentry", "pk": 96, "fields": {"action_time": "2023-11-27T06:30:57.407Z", "user": 31, "content_type": 11, "object_id": "50", "object_repr": "Заказ 50", "action_flag": 3, "change_message": ""}}, {"model": "admin.logentry", "pk": 97, "fields": {"action_time": "2023-11-27T06:30:57.418Z", "user": 31, "content_type": 11, "object_id": "49", "object_repr": "Заказ 49", "action_flag": 3, "change_message": ""}}, {"model": "admin.logentry", "pk": 98, "fields": {"action_time": "2023-11-27T06:30:57.443Z", "user": 31, "content_type": 11, "object_id": "48", "object_repr": "Заказ 48", "action_flag": 3, "change_message": ""}}, {"model": "admin.logentry", "pk": 99, "fields": {"action_time": "2023-11-27T06:30:57.459Z", "user": 31, "content_type": 11, "object_id": "47", "object_repr": "Заказ 47", "action_flag": 3, "change_message": ""}}, {"model": "admin.logentry", "pk": 100, "fields": {"action_time": "2023-11-27T06:30:57.468Z", "user": 31, "content_type": 11, "object_id": "46", "object_repr": "Заказ 46", "action_flag": 3, "change_message": ""}}, {"model": "admin.logentry", "pk": 101, "fields": {"action_time": "2023-11-27T06:30:57.545Z", "user": 31, "content_type": 11, "object_id": "45", "object_repr": "Заказ 45", "action_flag": 3, "change_message": ""}}, {"model": "admin.logentry", "pk": 102, "fields": {"action_time": "2023-11-27T06:30:57.564Z", "user": 31, "content_type": 11, "object_id": "44", "object_repr": "Заказ 44", "action_flag": 3, "change_message": ""}}, {"model": "admin.logentry", "pk": 103, "fields": {"action_time": "2023-11-27T06:30:57.576Z", "user": 31, "content_type": 11, "object_id": "43", "object_repr": "Заказ 43", "action_flag": 3, "change_message": ""}}, {"model": "admin.logentry", "pk": 104, "fields": {"action_time": "2023-11-27T06:30:57.588Z", "user": 31, "content_type": 11, "object_id": "42", "object_repr": "Заказ 42", "action_flag": 3, "change_message": ""}}, {"model": "admin.logentry", "pk": 105, "fields": {"action_time": "2023-11-27T06:30:57.609Z", "user": 31, "content_type": 11, "object_id": "41", "object_repr": "Заказ 41", "action_flag": 3, "change_message": ""}}, {"model": "admin.logentry", "pk": 106, "fields": {"action_time": "2023-11-27T06:30:57.629Z", "user": 31, "content_type": 11, "object_id": "40", "object_repr": "Заказ 40", "action_flag": 3, "change_message": ""}}, {"model": "admin.logentry", "pk": 107, "fields": {"action_time": "2023-11-27T06:30:57.669Z", "user": 31, "content_type": 11, "object_id": "39", "object_repr": "Заказ 39", "action_flag": 3, "change_message": ""}}, {"model": "admin.logentry", "pk": 108, "fields": {"action_time": "2023-11-27T06:30:57.687Z", "user": 31, "content_type": 11, "object_id": "38", "object_repr": "Заказ 38", "action_flag": 3, "change_message": ""}}, {"model": "admin.logentry", "pk": 109, "fields": {"action_time": "2023-11-27T06:30:57.701Z", "user": 31, "content_type": 11, "object_id": "37", "object_repr": "Заказ 37", "action_flag": 3, "change_message": ""}}, {"model": "admin.logentry", "pk": 110, "fields": {"action_time": "2023-11-27T06:30:57.715Z", "user": 31, "content_type": 11, "object_id": "36", "object_repr": "Заказ 36", "action_flag": 3, "change_message": ""}}, {"model": "admin.logentry", "pk": 111, "fields": {"action_time": "2023-11-27T06:30:57.741Z", "user": 31, "content_type": 11, "object_id": "35", "object_repr": "Заказ 35", "action_flag": 3, "change_message": ""}}, {"model": "admin.logentry", "pk": 112, "fields": {"action_time": "2023-11-27T06:30:57.763Z", "user": 31, "content_type": 11, "object_id": "34", "object_repr": "Заказ 34", "action_flag": 3, "change_message": ""}}, {"model": "admin.logentry", "pk": 113, "fields": {"action_time": "2023-11-27T06:30:57.782Z", "user": 31, "content_type": 11, "object_id": "33", "object_repr": "Заказ 33", "action_flag": 3, "change_message": ""}}, {"model": "admin.logentry", "pk": 114, "fields": {"action_time": "2023-11-27T06:30:57.799Z", "user": 31, "content_type": 11, "object_id": "32", "object_repr": "Заказ 32", "action_flag": 3, "change_message": ""}}, {"model": "admin.logentry", "pk": 115, "fields": {"action_time": "2023-11-27T06:30:57.820Z", "user": 31, "content_type": 11, "object_id": "31", "object_repr": "Заказ 31", "action_flag": 3, "change_message": ""}}, {"model": "admin.logentry", "pk": 116, "fields": {"action_time": "2023-11-27T06:30:57.833Z", "user": 31, "content_type": 11, "object_id": "30", "object_repr": "Заказ 30", "action_flag": 3, "change_message": ""}}, {"model": "admin.logentry", "pk": 117, "fields": {"action_time": "2023-11-27T06:30:57.841Z", "user": 31, "content_type": 11, "object_id": "29", "object_repr": "Заказ 29", "action_flag": 3, "change_message": ""}}, {"model": "admin.logentry", "pk": 118, "fields": {"action_time": "2023-11-27T06:30:57.860Z", "user": 31, "content_type": 11, "object_id": "28", "object_repr": "Заказ 28", "action_flag": 3, "change_message": ""}}, {"model": "admin.logentry", "pk": 119, "fields": {"action_time": "2023-11-27T06:30:57.870Z", "user": 31, "content_type": 11, "object_id": "27", "object_repr": "Заказ 27", "action_flag": 3, "change_message": ""}}, {"model": "admin.logentry", "pk": 120, "fields": {"action_time": "2023-11-27T06:30:57.890Z", "user": 31, "content_type": 11, "object_id": "26", "object_repr": "Заказ 26", "action_flag": 3, "change_message": ""}}, {"model": "admin.logentry", "pk": 121, "fields": {"action_time": "2023-11-27T06:30:57.911Z", "user": 31, "content_type": 11, "object_id": "25", "object_repr": "Заказ 25", "action_flag": 3, "change_message": ""}}, {"model": "admin.logentry", "pk": 122, "fields": {"action_time": "2023-11-27T06:30:57.944Z", "user": 31, "content_type": 11, "object_id": "24", "object_repr": "Заказ 24", "action_flag": 3, "change_message": ""}}, {"model": "admin.logentry", "pk": 123, "fields": {"action_time": "2023-11-27T06:30:57.951Z", "user": 31, "content_type": 11, "object_id": "23", "object_repr": "Заказ 23", "action_flag": 3, "change_message": ""}}, {"model": "admin.logentry", "pk": 124, "fields": {"action_time": "2023-11-27T06:30:57.963Z", "user": 31, "content_type": 11, "object_id": "22", "object_repr": "Заказ 22", "action_flag": 3, "change_message": ""}}, {"model": "admin.logentry", "pk": 125, "fields": {"action_time": "2023-11-27T06:30:57.980Z", "user": 31, "content_type": 11, "object_id": "21", "object_repr": "Заказ 21", "action_flag": 3, "change_message": ""}}, {"model": "admin.logentry", "pk": 126, "fields": {"action_time": "2023-11-27T06:30:58.002Z", "user": 31, "content_type": 11, "object_id": "20", "object_repr": "Заказ 20", "action_flag": 3, "change_message": ""}}, {"model": "admin.logentry", "pk": 127, "fields": {"action_time": "2023-11-27T06:30:58.023Z", "user": 31, "content_type": 11, "object_id": "19", "object_repr": "Заказ 19", "action_flag": 3, "change_message": ""}}, {"model": "admin.logentry", "pk": 128, "fields": {"action_time": "2023-11-27T06:30:58.053Z", "user": 31, "content_type": 11, "object_id": "18", "object_repr": "Заказ 18", "action_flag": 3, "change_message": ""}}, {"model": "admin.logentry", "pk": 129, "fields": {"action_time": "2023-11-27T06:30:58.079Z", "user": 31, "content_type": 11, "object_id": "17", "object_repr": "Заказ 17", "action_flag": 3, "change_message": ""}}, {"model": "admin.logentry", "pk": 130, "fields": {"action_time": "2023-11-27T06:30:58.097Z", "user": 31, "content_type": 11, "object_id": "16", "object_repr": "Заказ 16", "action_flag": 3, "change_message": ""}}, {"model": "admin.logentry", "pk": 131, "fields": {"action_time": "2023-11-27T06:30:58.111Z", "user": 31, "content_type": 11, "object_id": "15", "object_repr": "Заказ 15", "action_flag": 3, "change_message": ""}}, {"model": "admin.logentry", "pk": 132, "fields": {"action_time": "2023-11-27T06:30:58.129Z", "user": 31, "content_type": 11, "object_id": "14", "object_repr": "Заказ 14", "action_flag": 3, "change_message": ""}}, {"model": "admin.logentry", "pk": 133, "fields": {"action_time": "2023-11-27T06:30:58.150Z", "user": 31, "content_type": 11, "object_id": "13", "object_repr": "Заказ 13", "action_flag": 3, "change_message": ""}}, {"model": "admin.logentry", "pk": 134, "fields": {"action_time": "2023-11-27T06:30:58.163Z", "user": 31, "content_type": 11, "object_id": "12", "object_repr": "Заказ 12", "action_flag": 3, "change_message": ""}}, {"model": "admin.logentry", "pk": 135, "fields": {"action_time": "2023-11-27T06:30:58.195Z", "user": 31, "content_type": 11, "object_id": "11", "object_repr": "Заказ 11", "action_flag": 3, "change_message": ""}}, {"model": "admin.logentry", "pk": 136, "fields": {"action_time": "2023-11-27T06:30:58.221Z", "user": 31, "content_type": 11, "object_id": "10", "object_repr": "Заказ 10", "action_flag": 3, "change_message": ""}}, {"model": "admin.logentry", "pk": 137, "fields": {"action_time": "2023-11-27T06:30:58.243Z", "user": 31, "content_type": 11, "object_id": "9", "object_repr": "Заказ 9", "action_flag": 3, "change_message": ""}}, {"model": "admin.logentry", "pk": 138, "fields": {"action_time": "2023-11-27T06:30:58.252Z", "user": 31, "content_type": 11, "object_id": "8", "object_repr": "Заказ 8", "action_flag": 3, "change_message": ""}}, {"model": "admin.logentry", "pk": 139, "fields": {"action_time": "2023-11-27T06:30:58.262Z", "user": 31, "content_type": 11, "object_id": "7", "object_repr": "Заказ 7", "action_flag": 3, "change_message": ""}}, {"model": "admin.logentry", "pk": 140, "fields": {"action_time": "2023-11-27T06:30:58.280Z", "user": 31, "content_type": 11, "object_id": "6", "object_repr": "Заказ 6", "action_flag": 3, "change_message": ""}}, {"model": "admin.logentry", "pk": 141, "fields": {"action_time": "2023-11-27T06:30:58.292Z", "user": 31, "content_type": 11, "object_id": "5", "object_repr": "Заказ 5", "action_flag": 3, "change_message": ""}}, {"model": "admin.logentry", "pk": 142, "fields": {"action_time": "2023-11-27T06:30:58.318Z", "user": 31, "content_type": 11, "object_id": "4", "object_repr": "Заказ 4", "action_flag": 3, "change_message": ""}}, {"model": "admin.logentry", "pk": 143, "fields": {"action_time": "2023-11-27T06:30:58.344Z", "user": 31, "content_type": 11, "object_id": "3", "object_repr": "Заказ 3", "action_flag": 3, "change_message": ""}}, {"model": "admin.logentry", "pk": 144, "fields": {"action_time": "2023-11-27T06:30:58.350Z", "user": 31, "content_type": 11, "object_id": "2", "object_repr": "Заказ 2", "action_flag": 3, "change_message": ""}}, {"model": "admin.logentry", "pk": 145, "fields": {"action_time": "2023-11-27T06:30:58.359Z", "user": 31, "content_type": 11, "object_id": "1", "object_repr": "Заказ 1", "action_flag": 3, "change_message": ""}}, {"model": "admin.logentry", "pk": 146, "fields": {"action_time": "2023-12-02T01:04:47.097Z", "user": 31, "content_type": 13, "object_id": "16", "object_repr": "cccc", "action_flag": 3, "change_message": ""}}, {"model": "admin.logentry", "pk": 147, "fields": {"action_time": "2023-12-02T01:05:20.961Z", "user": 31, "content_type": 13, "object_id": "17", "object_repr": "cccc", "action_flag": 3, "change_message": ""}}, {"model": "admin.logentry", "pk": 148, "fields": {"action_time": "2023-12-06T00:04:59.173Z", "user": 31, "content_type": 7, "object_id": "9", "object_repr": "Drinks", "action_flag": 1, "change_message": "[{\"added\": {}}]"}}, {"model": "admin.logentry", "pk": 149, "fields": {"action_time": "2023-12-06T00:11:11.534Z", "user": 31, "content_type": 8, "object_id": "23", "object_repr": "Red Bull", "action_flag": 1, "change_message": "[{\"added\": {}}]"}}, {"model": "admin.logentry", "pk": 150, "fields": {"action_time": "2023-12-06T00:12:05.229Z", "user": 31, "content_type": 8, "object_id": "23", "object_repr": "Red Bull", "action_flag": 2, "change_message": "[{\"changed\": {\"fields\": [\"\\u0418\\u0437\\u043e\\u0431\\u0440\\u0430\\u0436\\u0435\\u043d\\u0438\\u0435\"]}}]"}}, {"model": "admin.logentry", "pk": 151, "fields": {"action_time": "2023-12-06T00:15:34.052Z", "user": 31, "content_type": 13, "object_id": "18", "object_repr": "T-shirt", "action_flag": 1, "change_message": "[{\"added\": {}}]"}}, {"model": "admin.logentry", "pk": 152, "fields": {"action_time": "2023-12-06T00:16:39.978Z", "user": 31, "content_type": 7, "object_id": "10", "object_repr": "T-shirts", "action_flag": 1, "change_message": "[{\"added\": {}}]"}}, {"model": "admin.logentry", "pk": 153, "fields": {"action_time": "2023-12-06T00:17:29.522Z", "user": 31, "content_type": 8, "object_id": "24", "object_repr": "Astralis Big Star Short Sleeve Tee", "action_flag": 1, "change_message": "[{\"added\": {}}]"}}, {"model": "admin.logentry", "pk": 154, "fields": {"action_time": "2023-12-06T00:35:47.427Z", "user": 31, "content_type": 8, "object_id": "25", "object_repr": "ESL x Warmly Hand Warmer", "action_flag": 1, "change_message": "[{\"added\": {}}]"}}, {"model": "admin.logentry", "pk": 155, "fields": {"action_time": "2023-12-06T00:36:30.638Z", "user": 31, "content_type": 8, "object_id": "25", "object_repr": "ESL x Warmly Hand Warmer", "action_flag": 2, "change_message": "[{\"changed\": {\"fields\": [\"\\u0418\\u0437\\u043e\\u0431\\u0440\\u0430\\u0436\\u0435\\u043d\\u0438\\u0435\"]}}]"}}, {"model": "admin.logentry", "pk": 156, "fields": {"action_time": "2023-12-06T08:59:02.618Z", "user": 31, "content_type": 13, "object_id": "19", "object_repr": "Red Bull", "action_flag": 1, "change_message": "[{\"added\": {}}]"}}, {"model": "admin.logentry", "pk": 157, "fields": {"action_time": "2023-12-06T09:08:59.301Z", "user": 31, "content_type": 8, "object_id": "23", "object_repr": "Red Bull", "action_flag": 2, "change_message": "[{\"changed\": {\"fields\": [\"\\u0422\\u0435\\u0433\"]}}]"}}, {"model": "admin.logentry", "pk": 158, "fields": {"action_time": "2024-10-25T12:08:02.126Z", "user": 31, "content_type": 7, "object_id": "11", "object_repr": "123", "action_flag": 3, "change_message": ""}}, {"model": "admin.logentry", "pk": 159, "fields": {"action_time": "2024-10-30T11:47:12.612Z", "user": 31, "content_type": 8, "object_id": "24", "object_repr": "Astralis Big Star Short Sleeve Tee", "action_flag": 2, "change_message": "[{\"changed\": {\"fields\": [\"\\u0414\\u043e\\u0441\\u0442\\u0443\\u043f\\u043d\\u043e\\u0441\\u0442\\u044c\"]}}]"}}, {"model": "admin.logentry", "pk": 160, "fields": {"action_time": "2024-12-02T22:15:32.106Z", "user": 31, "content_type": 4, "object_id": "7", "object_repr": "1234233", "action_flag": 2, "change_message": "[{\"changed\": {\"fields\": [\"Date joined\"]}}]"}}, {"model": "admin.logentry", "pk": 161, "fields": {"action_time": "2024-12-02T22:15:37.093Z", "user": 31, "content_type": 4, "object_id": "39", "object_repr": "Flich", "action_flag": 2, "change_message": "[{\"changed\": {\"fields\": [\"Last login\"]}}]"}}, {"model": "admin.logentry", "pk": 162, "fields": {"action_time": "2024-12-02T22:15:41.533Z", "user": 31, "content_type": 4, "object_id": "26", "object_repr": "ghsf", "action_flag": 2, "change_message": "[{\"changed\": {\"fields\": [\"Last login\"]}}]"}}, {"model": "admin.logentry", "pk": 163, "fields": {"action_time": "2024-12-02T22:15:45.043Z", "user": 31, "content_type": 4, "object_id": "20", "object_repr": "sfgewrgewgr", "action_flag": 2, "change_message": "[{\"changed\": {\"fields\": [\"Last login\"]}}]"}}, {"model": "admin.logentry", "pk": 164, "fields": {"action_time": "2024-12-02T22:15:48.877Z", "user": 31, "content_type": 4, "object_id": "15", "object_repr": "wfwefewf", "action_flag": 2, "change_message": "[{\"changed\": {\"fields\": [\"Last login\"]}}]"}}, {"model": "admin.logentry", "pk": 165, "fields": {"action_time": "2024-12-02T22:15:53.433Z", "user": 31, "content_type": 4, "object_id": "29", "object_repr": "уцйа", "action_flag": 2, "change_message": "[{\"changed\": {\"fields\": [\"Last login\"]}}]"}}, {"model": "admin.logentry", "pk": 166, "fields": {"action_time": "2024-12-02T22:15:57.410Z", "user": 31, "content_type": 4, "object_id": "37", "object_repr": "rtrtrt", "action_flag": 2, "change_message": "[{\"changed\": {\"fields\": [\"Last login\"]}}]"}}, {"model": "admin.logentry", "pk": 167, "fields": {"action_time": "2024-12-02T22:16:02.522Z", "user": 31, "content_type": 4, "object_id": "17", "object_repr": "qwerwqerqwwergwegr", "action_flag": 2, "change_message": "[{\"changed\": {\"fields\": [\"Last login\"]}}]"}}, {"model": "admin.logentry", "pk": 168, "fields": {"action_time": "2024-12-02T22:16:19.230Z", "user": 31, "content_type": 4, "object_id": "12", "object_repr": "sddswwg", "action_flag": 2, "change_message": "[{\"changed\": {\"fields\": [\"Last login\"]}}]"}}, {"model": "admin.logentry", "pk": 169, "fields": {"action_time": "2024-12-02T22:16:23.782Z", "user": 31, "content_type": 4, "object_id": "33", "object_repr": "talki", "action_flag": 2, "change_message": "[{\"changed\": {\"fields\": [\"Last login\"]}}]"}}, {"model": "admin.logentry", "pk": 170, "fields": {"action_time": "2024-12-02T22:16:37.000Z", "user": 31, "content_type": 4, "object_id": "22", "object_repr": "wfwefqwefqw", "action_flag": 2, "change_message": "[{\"changed\": {\"fields\": [\"Last login\"]}}]"}}, {"model": "admin.logentry", "pk": 171, "fields": {"action_time": "2024-12-02T22:29:05.390Z", "user": 31, "content_type": 4, "object_id": "31", "object_repr": "admin", "action_flag": 2, "change_message": "[{\"changed\": {\"fields\": [\"Date joined\"]}}]"}}, {"model": "admin.logentry", "pk": 172, "fields": {"action_time": "2024-12-02T22:31:34.079Z", "user": 31, "content_type": 4, "object_id": "40", "object_repr": "dawdaw", "action_flag": 2, "change_message": "[{\"changed\": {\"fields\": [\"Last login\"]}}]"}}, {"model": "admin.logentry", "pk": 173, "fields": {"action_time": "2024-12-02T22:31:45.116Z", "user": 31, "content_type": 4, "object_id": "40", "object_repr": "dawdaw", "action_flag": 2, "change_message": "[{\"changed\": {\"fields\": [\"Date joined\"]}}]"}}, {"model": "admin.logentry", "pk": 174, "fields": {"action_time": "2024-12-02T22:32:13.370Z", "user": 31, "content_type": 4, "object_id": "36", "object_repr": "hhghgh", "action_flag": 2, "change_message": "[{\"changed\": {\"fields\": [\"Last login\"]}}]"}}, {"model": "admin.logentry", "pk": 175, "fields": {"action_time": "2024-12-02T22:32:18.706Z", "user": 31, "content_type": 4, "object_id": "36", "object_repr": "hhghgh", "action_flag": 2, "change_message": "[{\"changed\": {\"fields\": [\"Date joined\"]}}]"}}, {"model": "admin.logentry", "pk": 176, "fields": {"action_time": "2024-12-02T22:32:22.887Z", "user": 31, "content_type": 4, "object_id": "23", "object_repr": "segwerrgwe", "action_flag": 2, "change_message": "[{\"changed\": {\"fields\": [\"Last login\"]}}]"}}, {"model": "admin.logentry", "pk": 177, "fields": {"action_time": "2024-12-02T22:32:35.103Z", "user": 31, "content_type": 4, "object_id": "7", "object_repr": "1234233", "action_flag": 2, "change_message": "[{\"changed\": {\"fields\": [\"Last login\"]}}]"}}, {"model": "admin.logentry", "pk": 178, "fields": {"action_time": "2024-12-02T22:32:45.963Z", "user": 31, "content_type": 4, "object_id": "24", "object_repr": "qewrewr", "action_flag": 2, "change_message": "[{\"changed\": {\"fields\": [\"Last login\", \"Date joined\"]}}]"}}, {"model": "admin.logentry", "pk": 179, "fields": {"action_time": "2024-12-02T22:33:04.285Z", "user": 31, "content_type": 4, "object_id": "5", "object_repr": "test123412", "action_flag": 2, "change_message": "[{\"changed\": {\"fields\": [\"Last login\"]}}]"}}, {"model": "admin.logentry", "pk": 180, "fields": {"action_time": "2024-12-02T22:33:48.925Z", "user": 31, "content_type": 4, "object_id": "30", "object_repr": "taty", "action_flag": 2, "change_message": "[{\"changed\": {\"fields\": [\"Last login\", \"Date joined\"]}}]"}}, {"model": "admin.logentry", "pk": 181, "fields": {"action_time": "2024-12-02T22:34:05.684Z", "user": 31, "content_type": 4, "object_id": "20", "object_repr": "sfgewrgewgr", "action_flag": 2, "change_message": "[{\"changed\": {\"fields\": [\"Date joined\"]}}]"}}, {"model": "admin.logentry", "pk": 182, "fields": {"action_time": "2024-12-02T22:34:14.787Z", "user": 31, "content_type": 4, "object_id": "21", "object_repr": "rqgwegrweg", "action_flag": 2, "change_message": "[{\"changed\": {\"fields\": [\"Date joined\"]}}]"}}, {"model": "admin.logentry", "pk": 183, "fields": {"action_time": "2024-12-02T22:34:24.083Z", "user": 31, "content_type": 4, "object_id": "33", "object_repr": "talki", "action_flag": 2, "change_message": "[{\"changed\": {\"fields\": [\"Date joined\"]}}]"}}, {"model": "admin.logentry", "pk": 184, "fields": {"action_time": "2024-12-02T22:34:28.957Z", "user": 31, "content_type": 4, "object_id": "22", "object_repr": "wfwefqwefqw", "action_flag": 2, "change_message": "[{\"changed\": {\"fields\": [\"Date joined\"]}}]"}}, {"model": "admin.logentry", "pk": 185, "fields": {"action_time": "2024-12-02T22:34:39.531Z", "user": 31, "content_type": 4, "object_id": "29", "object_repr": "уцйа", "action_flag": 2, "change_message": "[{\"changed\": {\"fields\": [\"Date joined\"]}}]"}}, {"model": "admin.logentry", "pk": 186, "fields": {"action_time": "2024-12-02T22:34:46.195Z", "user": 31, "content_type": 4, "object_id": "16", "object_repr": "wfwfwqefqwe", "action_flag": 2, "change_message": "[{\"changed\": {\"fields\": [\"Date joined\"]}}]"}}, {"model": "admin.logentry", "pk": 187, "fields": {"action_time": "2024-12-02T22:34:56.187Z", "user": 31, "content_type": 4, "object_id": "4", "object_repr": "test12341", "action_flag": 2, "change_message": "[{\"changed\": {\"fields\": [\"Date joined\"]}}]"}}, {"model": "admin.logentry", "pk": 188, "fields": {"action_time": "2024-12-02T22:45:05.963Z", "user": 31, "content_type": 11, "object_id": "55", "object_repr": "Заказ 55", "action_flag": 2, "change_message": "[{\"changed\": {\"fields\": [\"\\u0413\\u043e\\u0440\\u043e\\u0434\"]}}]"}}, {"model": "admin.logentry", "pk": 189, "fields": {"action_time": "2024-12-02T22:49:26.784Z", "user": 31, "content_type": 11, "object_id": "74", "object_repr": "Заказ 74", "action_flag": 2, "change_message": "[{\"changed\": {\"fields\": [\"\\u0413\\u043e\\u0440\\u043e\\u0434\", \"\\u0414\\u0430\\u0442\\u0430 \\u043e\\u0431\\u043d\\u043e\\u0432\\u043b\\u0435\\u043d\\u0438\\u044f\"]}}]"}}, {"model": "admin.logentry", "pk": 190, "fields": {"action_time": "2024-12-02T22:49:41.405Z", "user": 31, "content_type": 11, "object_id": "73", "object_repr": "Заказ 73", "action_flag": 2, "change_message": "[{\"changed\": {\"fields\": [\"\\u0413\\u043e\\u0440\\u043e\\u0434\", \"\\u0414\\u0430\\u0442\\u0430 \\u0441\\u043e\\u0437\\u0434\\u0430\\u043d\\u0438\\u044f\", \"\\u0414\\u0430\\u0442\\u0430 \\u043e\\u0431\\u043d\\u043e\\u0432\\u043b\\u0435\\u043d\\u0438\\u044f\"]}}]"}}, {"model": "admin.logentry", "pk": 191, "fields": {"action_time": "2024-12-02T22:50:04.991Z", "user": 31, "content_type": 11, "object_id": "72", "object_repr": "Заказ 72", "action_flag": 2, "change_message": "[{\"changed\": {\"fields\": [\"\\u0413\\u043e\\u0440\\u043e\\u0434\", \"\\u0414\\u0430\\u0442\\u0430 \\u0441\\u043e\\u0437\\u0434\\u0430\\u043d\\u0438\\u044f\"]}}]"}}, {"model": "admin.logentry", "pk": 192, "fields": {"action_time": "2024-12-02T22:50:15.032Z", "user": 31, "content_type": 11, "object_id": "67", "object_repr": "Заказ 67", "action_flag": 2, "change_message": "[{\"changed\": {\"fields\": [\"\\u0413\\u043e\\u0440\\u043e\\u0434\", \"\\u0414\\u0430\\u0442\\u0430 \\u0441\\u043e\\u0437\\u0434\\u0430\\u043d\\u0438\\u044f\"]}}]"}}, {"model": "admin.logentry", "pk": 193, "fields": {"action_time": "2024-12-02T22:50:29.719Z", "user": 31, "content_type": 11, "object_id": "62", "object_repr": "Заказ 62", "action_flag": 2, "change_message": "[{\"changed\": {\"fields\": [\"\\u0413\\u043e\\u0440\\u043e\\u0434\", \"\\u0414\\u0430\\u0442\\u0430 \\u0441\\u043e\\u0437\\u0434\\u0430\\u043d\\u0438\\u044f\"]}}]"}}, {"model": "admin.logentry", "pk": 194, "fields": {"action_time": "2024-12-02T22:51:14.207Z", "user": 31, "content_type": 11, "object_id": "69", "object_repr": "Заказ 69", "action_flag": 2, "change_message": "[{\"changed\": {\"fields\": [\"\\u0413\\u043e\\u0440\\u043e\\u0434\", \"\\u0414\\u0430\\u0442\\u0430 \\u0441\\u043e\\u0437\\u0434\\u0430\\u043d\\u0438\\u044f\"]}}]"}}, {"model": "admin.logentry", "pk": 195, "fields": {"action_time": "2024-12-02T22:51:44.155Z", "user": 31, "content_type": 11, "object_id": "62", "object_repr": "Заказ 62", "action_flag": 2, "change_message": "[{\"changed\": {\"fields\": [\"\\u0414\\u0430\\u0442\\u0430 \\u0441\\u043e\\u0437\\u0434\\u0430\\u043d\\u0438\\u044f\"]}}]"}}, {"model": "admin.logentry", "pk": 196, "fields": {"action_time": "2024-12-02T22:51:53.428Z", "user": 31, "content_type": 11, "object_id": "57", "object_repr": "Заказ 57", "action_flag": 2, "change_message": "[{\"changed\": {\"fields\": [\"\\u0413\\u043e\\u0440\\u043e\\u0434\", \"\\u0414\\u0430\\u0442\\u0430 \\u0441\\u043e\\u0437\\u0434\\u0430\\u043d\\u0438\\u044f\"]}}]"}}, {"model": "admin.logentry", "pk": 197, "fields": {"action_time": "2024-12-02T22:52:02.598Z", "user": 31, "content_type": 11, "object_id": "56", "object_repr": "Заказ 56", "action_flag": 2, "change_message": "[{\"changed\": {\"fields\": [\"\\u0413\\u043e\\u0440\\u043e\\u0434\", \"\\u0414\\u0430\\u0442\\u0430 \\u0441\\u043e\\u0437\\u0434\\u0430\\u043d\\u0438\\u044f\"]}}]"}}, {"model": "admin.logentry", "pk": 198, "fields": {"action_time": "2024-12-02T22:52:10.822Z", "user": 31, "content_type": 11, "object_id": "56", "object_repr": "Заказ 56", "action_flag": 2, "change_message": "[{\"changed\": {\"fields\": [\"\\u0414\\u0430\\u0442\\u0430 \\u0441\\u043e\\u0437\\u0434\\u0430\\u043d\\u0438\\u044f\"]}}]"}}, {"model": "admin.logentry", "pk": 199, "fields": {"action_time": "2024-12-02T22:52:28.933Z", "user": 31, "content_type": 11, "object_id": "55", "object_repr": "Заказ 55", "action_flag": 2, "change_message": "[{\"changed\": {\"fields\": [\"\\u0414\\u0430\\u0442\\u0430 \\u0441\\u043e\\u0437\\u0434\\u0430\\u043d\\u0438\\u044f\"]}}]"}}, {"model": "admin.logentry", "pk": 200, "fields": {"action_time": "2024-12-02T22:53:02.093Z", "user": 31, "content_type": 11, "object_id": "58", "object_repr": "Заказ 58", "action_flag": 2, "change_message": "[{\"changed\": {\"fields\": [\"\\u0413\\u043e\\u0440\\u043e\\u0434\", \"\\u0414\\u0430\\u0442\\u0430 \\u0441\\u043e\\u0437\\u0434\\u0430\\u043d\\u0438\\u044f\"]}}]"}}, {"model": "admin.logentry", "pk": 201, "fields": {"action_time": "2024-12-02T22:53:08.804Z", "user": 31, "content_type": 11, "object_id": "63", "object_repr": "Заказ 63", "action_flag": 2, "change_message": "[{\"changed\": {\"fields\": [\"\\u0413\\u043e\\u0440\\u043e\\u0434\", \"\\u0414\\u0430\\u0442\\u0430 \\u0441\\u043e\\u0437\\u0434\\u0430\\u043d\\u0438\\u044f\"]}}]"}}, {"model": "admin.logentry", "pk": 202, "fields": {"action_time": "2024-12-02T22:53:40.761Z", "user": 31, "content_type": 11, "object_id": "59", "object_repr": "Заказ 59", "action_flag": 2, "change_message": "[{\"changed\": {\"fields\": [\"\\u0413\\u043e\\u0440\\u043e\\u0434\", \"\\u0414\\u0430\\u0442\\u0430 \\u0441\\u043e\\u0437\\u0434\\u0430\\u043d\\u0438\\u044f\"]}}]"}}, {"model": "admin.logentry", "pk": 203, "fields": {"action_time": "2024-12-02T22:55:02.772Z", "user": 31, "content_type": 11, "object_id": "66", "object_repr": "Заказ 66", "action_flag": 2, "change_message": "[{\"changed\": {\"fields\": [\"\\u0413\\u043e\\u0440\\u043e\\u0434\", \"\\u0414\\u0430\\u0442\\u0430 \\u0441\\u043e\\u0437\\u0434\\u0430\\u043d\\u0438\\u044f\"]}}]"}}, {"model": "admin.logentry", "pk": 204, "fields": {"action_time": "2024-12-02T22:55:18.505Z", "user": 31, "content_type": 11, "object_id": "70", "object_repr": "Заказ 70", "action_flag": 2, "change_message": "[{\"changed\": {\"fields\": [\"\\u0413\\u043e\\u0440\\u043e\\u0434\", \"\\u0414\\u0430\\u0442\\u0430 \\u0441\\u043e\\u0437\\u0434\\u0430\\u043d\\u0438\\u044f\"]}}]"}}, {"model": "admin.logentry", "pk": 205, "fields": {"action_time": "2024-12-02T22:56:44.636Z", "user": 31, "content_type": 11, "object_id": "75", "object_repr": "Заказ 75", "action_flag": 2, "change_message": "[{\"changed\": {\"fields\": [\"\\u0413\\u043e\\u0440\\u043e\\u0434\", \"\\u0414\\u0430\\u0442\\u0430 \\u0441\\u043e\\u0437\\u0434\\u0430\\u043d\\u0438\\u044f\"]}}]"}}, {"model": "admin.logentry", "pk": 206, "fields": {"action_time": "2024-12-02T22:56:58.852Z", "user": 31, "content_type": 11, "object_id": "76", "object_repr": "Заказ 76", "action_flag": 2, "change_message": "[{\"changed\": {\"fields\": [\"\\u0413\\u043e\\u0440\\u043e\\u0434\", \"\\u0414\\u0430\\u0442\\u0430 \\u0441\\u043e\\u0437\\u0434\\u0430\\u043d\\u0438\\u044f\"]}}]"}}, {"model": "admin.logentry", "pk": 207, "fields": {"action_time": "2024-12-02T22:57:06.241Z", "user": 31, "content_type": 11, "object_id": "77", "object_repr": "Заказ 77", "action_flag": 2, "change_message": "[{\"changed\": {\"fields\": [\"\\u0413\\u043e\\u0440\\u043e\\u0434\", \"\\u0414\\u0430\\u0442\\u0430 \\u0441\\u043e\\u0437\\u0434\\u0430\\u043d\\u0438\\u044f\"]}}]"}}, {"model": "admin.logentry", "pk": 208, "fields": {"action_time": "2024-12-02T22:57:15.019Z", "user": 31, "content_type": 11, "object_id": "79", "object_repr": "Заказ 79", "action_flag": 2, "change_message": "[{\"changed\": {\"fields\": [\"\\u0413\\u043e\\u0440\\u043e\\u0434\", \"\\u0414\\u0430\\u0442\\u0430 \\u0441\\u043e\\u0437\\u0434\\u0430\\u043d\\u0438\\u044f\"]}}]"}}, {"model": "admin.logentry", "pk": 209, "fields": {"action_time": "2024-12-02T22:57:29.346Z", "user": 31, "content_type": 11, "object_id": "80", "object_repr": "Заказ 80", "action_flag": 2, "change_message": "[{\"changed\": {\"fields\": [\"\\u0413\\u043e\\u0440\\u043e\\u0434\", \"\\u0414\\u0430\\u0442\\u0430 \\u0441\\u043e\\u0437\\u0434\\u0430\\u043d\\u0438\\u044f\"]}}]"}}, {"model": "admin.logentry", "pk": 210, "fields": {"action_time": "2024-12-02T22:57:56.671Z", "user": 31, "content_type": 11, "object_id": "84", "object_repr": "Заказ 84", "action_flag": 2, "change_message": "[{\"changed\": {\"fields\": [\"\\u0413\\u043e\\u0440\\u043e\\u0434\", \"\\u0414\\u0430\\u0442\\u0430 \\u0441\\u043e\\u0437\\u0434\\u0430\\u043d\\u0438\\u044f\"]}}]"}}, {"model": "admin.logentry", "pk": 211, "fields": {"action_time": "2024-12-02T22:58:02.893Z", "user": 31, "content_type": 11, "object_id": "85", "object_repr": "Заказ 85", "action_flag": 2, "change_message": "[{\"changed\": {\"fields\": [\"\\u0413\\u043e\\u0440\\u043e\\u0434\", \"\\u0414\\u0430\\u0442\\u0430 \\u0441\\u043e\\u0437\\u0434\\u0430\\u043d\\u0438\\u044f\"]}}]"}}, {"model": "admin.logentry", "pk": 212, "fields": {"action_time": "2024-12-02T22:58:11.453Z", "user": 31, "content_type": 11, "object_id": "83", "object_repr": "Заказ 83", "action_flag": 2, "change_message": "[{\"changed\": {\"fields\": [\"\\u0413\\u043e\\u0440\\u043e\\u0434\", \"\\u0414\\u0430\\u0442\\u0430 \\u0441\\u043e\\u0437\\u0434\\u0430\\u043d\\u0438\\u044f\"]}}]"}}, {"model": "auth.permission", "pk": 1, "fields": {"name": "Can add log entry", "content_type": 1, "codename": "add_logentry"}}, {"model": "auth.permission", "pk": 2, "fields": {"name": "Can change log entry", "content_type": 1, "codename": "change_logentry"}}, {"model": "auth.permission", "pk": 3, "fields": {"name": "Can delete log entry", "content_type": 1, "codename": "delete_logentry"}}, {"model": "auth.permission", "pk": 4, "fields": {"name": "Can view log entry", "content_type": 1, "codename": "view_logentry"}}, {"model": "auth.permission", "pk": 5, "fields": {"name": "Can add permission", "content_type": 2, "codename": "add_permission"}}, {"model": "auth.permission", "pk": 6, "fields": {"name": "Can change permission", "content_type": 2, "codename": "change_permission"}}, {"model": "auth.permission", "pk": 7, "fields": {"name": "Can delete permission", "content_type": 2, "codename": "delete_permission"}}, {"model": "auth.permission", "pk": 8, "fields": {"name": "Can view permission", "content_type": 2, "codename": "view_permission"}}, {"model": "auth.permission", "pk": 9, "fields": {"name": "Can add group", "content_type": 3, "codename": "add_group"}}, {"model": "auth.permission", "pk": 10, "fields": {"name": "Can change group", "content_type": 3, "codename": "change_group"}}, {"model": "auth.permission", "pk": 11, "fields": {"name": "Can delete group", "content_type": 3, "codename": "delete_group"}}, {"model": "auth.permission", "pk": 12, "fields": {"name": "Can view group", "content_type": 3, "codename": "view_group"}}, {"model": "auth.permission", "pk": 13, "fields": {"name": "Can add user", "content_type": 4, "codename": "add_user"}}, {"model": "auth.permission", "pk": 14, "fields": {"name": "Can change user", "content_type": 4, "codename": "change_user"}}, {"model": "auth.permission", "pk": 15, "fields": {"name": "Can delete user", "content_type": 4, "codename": "delete_user"}}, {"model": "auth.permission", "pk": 16, "fields": {"name": "Can view user", "content_type": 4, "codename": "view_user"}}, {"model": "auth.permission", "pk": 17, "fields": {"name": "Can add content type", "content_type": 5, "codename": "add_contenttype"}}, {"model": "auth.permission", "pk": 18, "fields": {"name": "Can change content type", "content_type": 5, "codename": "change_contenttype"}}, {"model": "auth.permission", "pk": 19, "fields": {"name": "Can delete content type", "content_type": 5, "codename": "delete_contenttype"}}, {"model": "auth.permission", "pk": 20, "fields": {"name": "Can view content type", "content_type": 5, "codename": "view_contenttype"}}, {"model": "auth.permission", "pk": 21, "fields": {"name": "Can add session", "content_type": 6, "codename": "add_session"}}, {"model": "auth.permission", "pk": 22, "fields": {"name": "Can change session", "content_type": 6, "codename": "change_session"}}, {"model": "auth.permission", "pk": 23, "fields": {"name": "Can delete session", "content_type": 6, "codename": "delete_session"}}, {"model": "auth.permission", "pk": 24, "fields": {"name": "Can view session", "content_type": 6, "codename": "view_session"}}, {"model": "auth.permission", "pk": 25, "fields": {"name": "Can add category", "content_type": 7, "codename": "add_category"}}, {"model": "auth.permission", "pk": 26, "fields": {"name": "Can change category", "content_type": 7, "codename": "change_category"}}, {"model": "auth.permission", "pk": 27, "fields": {"name": "Can delete category", "content_type": 7, "codename": "delete_category"}}, {"model": "auth.permission", "pk": 28, "fields": {"name": "Can view category", "content_type": 7, "codename": "view_category"}}, {"model": "auth.permission", "pk": 29, "fields": {"name": "Can add product", "content_type": 8, "codename": "add_product"}}, {"model": "auth.permission", "pk": 30, "fields": {"name": "Can change product", "content_type": 8, "codename": "change_product"}}, {"model": "auth.permission", "pk": 31, "fields": {"name": "Can delete product", "content_type": 8, "codename": "delete_product"}}, {"model": "auth.permission", "pk": 32, "fields": {"name": "Can view product", "content_type": 8, "codename": "view_product"}}, {"model": "auth.permission", "pk": 33, "fields": {"name": "Can add captcha store", "content_type": 9, "codename": "add_captchastore"}}, {"model": "auth.permission", "pk": 34, "fields": {"name": "Can change captcha store", "content_type": 9, "codename": "change_captchastore"}}, {"model": "auth.permission", "pk": 35, "fields": {"name": "Can delete captcha store", "content_type": 9, "codename": "delete_captchastore"}}, {"model": "auth.permission", "pk": 36, "fields": {"name": "Can view captcha store", "content_type": 9, "codename": "view_captchastore"}}, {"model": "auth.permission", "pk": 37, "fields": {"name": "Can add review", "content_type": 10, "codename": "add_review"}}, {"model": "auth.permission", "pk": 38, "fields": {"name": "Can change review", "content_type": 10, "codename": "change_review"}}, {"model": "auth.permission", "pk": 39, "fields": {"name": "Can delete review", "content_type": 10, "codename": "delete_review"}}, {"model": "auth.permission", "pk": 40, "fields": {"name": "Can view review", "content_type": 10, "codename": "view_review"}}, {"model": "auth.permission", "pk": 41, "fields": {"name": "Can add заказ", "content_type": 11, "codename": "add_order"}}, {"model": "auth.permission", "pk": 42, "fields": {"name": "Can change заказ", "content_type": 11, "codename": "change_order"}}, {"model": "auth.permission", "pk": 43, "fields": {"name": "Can delete заказ", "content_type": 11, "codename": "delete_order"}}, {"model": "auth.permission", "pk": 44, "fields": {"name": "Can view заказ", "content_type": 11, "codename": "view_order"}}, {"model": "auth.permission", "pk": 45, "fields": {"name": "Can add order item", "content_type": 12, "codename": "add_orderitem"}}, {"model": "auth.permission", "pk": 46, "fields": {"name": "Can change order item", "content_type": 12, "codename": "change_orderitem"}}, {"model": "auth.permission", "pk": 47, "fields": {"name": "Can delete order item", "content_type": 12, "codename": "delete_orderitem"}}, {"model": "auth.permission", "pk": 48, "fields": {"name": "Can view order item", "content_type": 12, "codename": "view_orderitem"}}, {"model": "auth.permission", "pk": 49, "fields": {"name": "Can add Теги", "content_type": 13, "codename": "add_tag"}}, {"model": "auth.permission", "pk": 50, "fields": {"name": "Can change Теги", "content_type": 13, "codename": "change_tag"}}, {"model": "auth.permission", "pk": 51, "fields": {"name": "Can delete Теги", "content_type": 13, "codename": "delete_tag"}}, {"model": "auth.permission", "pk": 52, "fields": {"name": "Can view Теги", "content_type": 13, "codename": "view_tag"}}, {"model": "auth.permission", "pk": 53, "fields": {"name": "Can add Фильтры", "content_type": 14, "codename": "add_filters"}}, {"model": "auth.permission", "pk": 54, "fields": {"name": "Can change Фильтры", "content_type": 14, "codename": "change_filters"}}, {"model": "auth.permission", "pk": 55, "fields": {"name": "Can delete Фильтры", "content_type": 14, "codename": "delete_filters"}}, {"model": "auth.permission", "pk": 56, "fields": {"name": "Can view Фильтры", "content_type": 14, "codename": "view_filters"}}, {"model": "auth.user", "pk": 1, "fields": {"password": "pbkdf2_sha256$390000$svhpgV8R7kI7djcVVyebnf$BG0h5K5+n7PhQGIdANLWI+BGRzaWdqSsN2iQ3Fgr0fI=", "last_login": "2023-03-08T12:00:24.950Z", "is_superuser": true, "username": "gips", "first_name": "", "last_name": "", "email": "gipsme123@gmail.com", "is_staff": true, "is_active": true, "date_joined": "2022-08-26T07:18:53.602Z", "groups": [], "user_permissions": []}}, {"model": "auth.user", "pk": 2, "fields": {"password": "pbkdf2_sha256$390000$HXd8pcgPZcoVYOn5ISaMM1$1PyMS6t07oxiL7XOPjrGxFYfwsUwHsVoxv9JhncuMUQ=", "last_login": null, "is_superuser": false, "username": "test", "first_name": "", "last_name": "", "email": "test@r.ru", "is_staff": false, "is_active": true, "date_joined": "2022-09-06T13:19:31.515Z", "groups": [], "user_permissions": []}}, {"model": "auth.user", "pk": 3, "fields": {"password": "pbkdf2_sha256$390000$Vcq5HR6wf7rxL2S6fFb3SV$vT/3HzhSFfP7C7P0ott7H4Wm+jMot2JeoqYP3rh4UBs=", "last_login": null, "is_superuser": false, "username": "test1234", "first_name": "", "last_name": "", "email": "test@r.ru", "is_staff": false, "is_active": true, "date_joined": "2022-09-06T13:22:42.281Z", "groups": [], "user_permissions": []}}, {"model": "auth.user", "pk": 4, "fields": {"password": "pbkdf2_sha256$390000$WEtViyPGqzJ6AEUURAXrEI$SsPwWZc0IwZ/MCHkMh6P6qCzapt4qwms4uBK1BOBvwg=", "last_login": null, "is_superuser": false, "username": "test12341", "first_name": "", "last_name": "", "email": "test@r.ru", "is_staff": false, "is_active": true, "date_joined": "2024-05-06T13:24:25Z", "groups": [], "user_permissions": []}}, {"model": "auth.user", "pk": 5, "fields": {"password": "pbkdf2_sha256$390000$v9idrB66U2mQLwUIlVfwTh$aXjEExqGdaG/AzPtyFjxuG0bTPQGWc50xs9CiZpS2l0=", "last_login": "2024-03-05T22:33:02Z", "is_superuser": false, "username": "test123412", "first_name": "", "last_name": "", "email": "test@r.ru", "is_staff": false, "is_active": true, "date_joined": "2022-09-06T13:24:43Z", "groups": [], "user_permissions": []}}, {"model": "auth.user", "pk": 6, "fields": {"password": "pbkdf2_sha256$390000$cdMq3Eg3VXuCfBkpp59Qxd$S+0fbRc9VIOXcctsShM7l6MtNtD+/+5NbaZmRuffNAE=", "last_login": null, "is_superuser": false, "username": "123423к", "first_name": "", "last_name": "", "email": "qwe@ww.ru", "is_staff": false, "is_active": true, "date_joined": "2022-09-06T13:32:40.261Z", "groups": [], "user_permissions": []}}, {"model": "auth.user", "pk": 7, "fields": {"password": "pbkdf2_sha256$390000$LjKY6ZUG2O2AWMCzvCFVnv$AOUjFjIJq66a92jWIaa6RnB0l/phN+bmGbQJcFTXTZ0=", "last_login": "2024-09-06T16:12:33Z", "is_superuser": false, "username": "1234233", "first_name": "", "last_name": "", "email": "qrwe@ww.ru", "is_staff": false, "is_active": true, "date_joined": "2024-09-06T14:12:33Z", "groups": [], "user_permissions": []}}, {"model": "auth.user", "pk": 8, "fields": {"password": "pbkdf2_sha256$390000$OfQ8CaUMiTilVFgoYhOgGt$NXeR1TZSc4ZZ1I9CYc0k6j23viO8P0FsRp0wwxwWmHo=", "last_login": null, "is_superuser": false, "username": "qwerwqerqw", "first_name": "", "last_name": "", "email": "mbddashalova@yandex.ru", "is_staff": false, "is_active": true, "date_joined": "2022-09-06T14:26:33.717Z", "groups": [], "user_permissions": []}}, {"model": "auth.user", "pk": 9, "fields": {"password": "pbkdf2_sha256$390000$iTeHhU7r3jnnwsQhzqIWA2$erGCqhVpeGA49TslbD0oBhPySmpiFfhVdhxyOE+jFKI=", "last_login": "2022-09-06T14:28:45.378Z", "is_superuser": false, "username": "eee", "first_name": "", "last_name": "", "email": "w@gmail.com", "is_staff": false, "is_active": true, "date_joined": "2022-09-06T14:28:34.102Z", "groups": [], "user_permissions": []}}, {"model": "auth.user", "pk": 10, "fields": {"password": "pbkdf2_sha256$390000$5wwyBxZbj6rKu9Y7RTp5yz$tW0iKSA1aiuSMwgCWf9yuPwzmwm2TuZ3JdJ0+3Zr6ao=", "last_login": "2022-09-06T14:49:59.259Z", "is_superuser": false, "username": "qwerty", "first_name": "", "last_name": "", "email": "wo@gmail.com", "is_staff": false, "is_active": true, "date_joined": "2022-09-06T14:49:59.154Z", "groups": [], "user_permissions": []}}, {"model": "auth.user", "pk": 11, "fields": {"password": "pbkdf2_sha256$390000$N0olOrtODcqZAkdDAXZK6G$ANcz1WSISLQQXdw7KKOoiHqcG5CxFJQ8TKEUvDCm4u8=", "last_login": "2022-09-10T08:35:24.251Z", "is_superuser": false, "username": "qwerwqerqwfff", "first_name": "", "last_name": "", "email": "qwerqw@a.ru", "is_staff": false, "is_active": true, "date_joined": "2022-09-10T08:35:24.153Z", "groups": [], "user_permissions": []}}, {"model": "auth.user", "pk": 12, "fields": {"password": "pbkdf2_sha256$390000$y6R35E1gepFYk2apzVvBNv$RE5atqISwVIqiZ8mfSpRjaB1FXsYNggXn9No5BMRfJk=", "last_login": "2024-09-12T13:36:45Z", "is_superuser": false, "username": "sddswwg", "first_name": "", "last_name": "", "email": "weqwer@f.ru", "is_staff": false, "is_active": true, "date_joined": "2022-09-12T13:36:45Z", "groups": [], "user_permissions": []}}, {"model": "auth.user", "pk": 13, "fields": {"password": "pbkdf2_sha256$390000$fMXRDdfyZDAoGUkeJy7EgU$uLUJEj3FTkkRhktT71L6jlpC3+yMLlIc4TLvXlSy9b4=", "last_login": "2022-09-12T14:13:06.170Z", "is_superuser": false, "username": "qwerty1", "first_name": "", "last_name": "", "email": "qqweqwe@d.ru", "is_staff": false, "is_active": true, "date_joined": "2022-09-12T14:13:06.062Z", "groups": [], "user_permissions": []}}, {"model": "auth.user", "pk": 14, "fields": {"password": "pbkdf2_sha256$390000$NDXUlMs0IXR5eJuR7IMUfK$4T840C/GJ8hg18+COLgojVsFlBm4uQ5xspY8K4lVUkw=", "last_login": "2022-09-12T14:18:40.650Z", "is_superuser": false, "username": "asasdasfasf1", "first_name": "", "last_name": "", "email": "asdfasd@a.ru", "is_staff": false, "is_active": true, "date_joined": "2022-09-12T14:18:40.537Z", "groups": [], "user_permissions": []}}, {"model": "auth.user", "pk": 15, "fields": {"password": "pbkdf2_sha256$390000$V9HHmKi9vWfIrH75Ksj6Bs$P1dJVKMl1HY9Kg7lakXce82X9ZSfkBo4Zve7qMAFpQA=", "last_login": "2024-09-12T14:19:13Z", "is_superuser": false, "username": "wfwefewf", "first_name": "", "last_name": "", "email": "naletovaendre@yandex.ru", "is_staff": false, "is_active": true, "date_joined": "2022-09-12T14:19:13Z", "groups": [], "user_permissions": []}}, {"model": "auth.user", "pk": 16, "fields": {"password": "pbkdf2_sha256$390000$7VWtHqpQHlDRjTbYot3C02$6zk4gcun+ZZb1yKsg+q18zq4CmM+vmhQygoEe+NcIVo=", "last_login": "2022-09-12T14:19:46Z", "is_superuser": false, "username": "wfwfwqefqwe", "first_name": "", "last_name": "", "email": "gipsmeqwerqw123@gmail.com", "is_staff": false, "is_active": true, "date_joined": "2024-04-12T14:19:46Z", "groups": [], "user_permissions": []}}, {"model": "auth.user", "pk": 17, "fields": {"password": "pbkdf2_sha256$390000$AXN4aVMH7ThsAnbJ5wpSb3$krMeN99MyZw18SnhsWglIymlRKcU8mC6xgZZRFlFQf8=", "last_login": "2024-09-12T14:21:04Z", "is_superuser": false, "username": "qwerwqerqwwergwegr", "first_name": "", "last_name": "", "email": "dmitrkfefcorkin@yandex.ru", "is_staff": false, "is_active": true, "date_joined": "2022-09-12T14:21:04Z", "groups": [], "user_permissions": []}}, {"model": "auth.user", "pk": 18, "fields": {"password": "pbkdf2_sha256$390000$WU4YIDZiihoHmThsnjR5zv$ny3rr80SkfdOH9oXGQ9k8mDtOKfu7izk37U3eJ9e8rI=", "last_login": "2022-09-12T14:24:43.695Z", "is_superuser": false, "username": "1naletovefe", "first_name": "", "last_name": "", "email": "eeedmitrkcorkin@yandex.ru", "is_staff": false, "is_active": true, "date_joined": "2022-09-12T14:24:43.598Z", "groups": [], "user_permissions": []}}, {"model": "auth.user", "pk": 19, "fields": {"password": "pbkdf2_sha256$390000$w7J847LvyL4Zv4mebmlCUv$gVbGmkWEdT+7Oy1pIWzXrv+beFtw7eJvLg/lu3rP2Ck=", "last_login": "2022-09-12T14:25:07.206Z", "is_superuser": false, "username": "wfwegfewrrg", "first_name": "", "last_name": "", "email": "mbasherewwalova@yandex.ru", "is_staff": false, "is_active": true, "date_joined": "2022-09-12T14:25:07.100Z", "groups": [], "user_permissions": []}}, {"model": "auth.user", "pk": 20, "fields": {"password": "pbkdf2_sha256$390000$9NKDY0x6KcI0OYtsjB89wI$h92klAF65JcxTG48RzdNdJNRowxmrVSodngbK8mI5kg=", "last_login": "2024-09-12T14:25:36Z", "is_superuser": false, "username": "sfgewrgewgr", "first_name": "", "last_name": "", "email": "gipsfefeme123@gmail.com", "is_staff": false, "is_active": true, "date_joined": "2024-02-12T14:25:35Z", "groups": [], "user_permissions": []}}, {"model": "auth.user", "pk": 21, "fields": {"password": "pbkdf2_sha256$390000$dOPXPQiYfmh8NzW426mh5b$XsXW+707GbjWSsSLd14iEh/nGcBBvjS9CcjLIrD0i6Q=", "last_login": "2022-09-12T14:26:33Z", "is_superuser": false, "username": "rqgwegrweg", "first_name": "", "last_name": "", "email": "wof3ftelantj@gmail.com", "is_staff": false, "is_active": true, "date_joined": "2024-02-12T14:26:33Z", "groups": [], "user_permissions": []}}, {"model": "auth.user", "pk": 22, "fields": {"password": "pbkdf2_sha256$390000$wmOVJ8F9CbbF7Sri9gkkdt$+lWg7OvZNSJMk18a75qPShtApM+gJZlDviBeU5Aj95s=", "last_login": "2024-04-12T14:37:58Z", "is_superuser": false, "username": "wfwefqwefqw", "first_name": "", "last_name": "", "email": "mbashefalova@yandex.ru", "is_staff": false, "is_active": true, "date_joined": "2024-09-12T14:37:58Z", "groups": [], "user_permissions": []}}, {"model": "auth.user", "pk": 23, "fields": {"password": "pbkdf2_sha256$390000$Z5i6BpfM3Q3QMFnTuTGHsi$dC3lX+hTIJ77r03Ka1wENS0/IsL4quHf0pkHKEaFGsk=", "last_login": "2024-09-12T14:49:04Z", "is_superuser": false, "username": "segwerrgwe", "first_name": "", "last_name": "", "email": "mbashalofvrrva@yandex.ru", "is_staff": false, "is_active": true, "date_joined": "2022-09-12T14:49:04Z", "groups": [], "user_permissions": []}}, {"model": "auth.user", "pk": 24, "fields": {"password": "pbkdf2_sha256$390000$9hwU8BkRmLnsl4JSrmQVf0$/idxMD6Qm0ElPTSZQjEwwK76KcKInV8E2HRKDYcbxjw=", "last_login": "2024-09-12T14:50:05Z", "is_superuser": false, "username": "qewrewr", "first_name": "", "last_name": "", "email": "gipsmee32e3123@gmail.com", "is_staff": false, "is_active": true, "date_joined": "2024-09-12T14:50:03Z", "groups": [], "user_permissions": []}}, {"model": "auth.user", "pk": 25, "fields": {"password": "pbkdf2_sha256$390000$y7ZLr9ZlfgcpWkws0xtSDG$Woz1mgLzFmJShu+WUXL9dkqVa9gTY6KNDpBVXELVqYc=", "last_login": "2022-09-12T14:50:27.857Z", "is_superuser": false, "username": "rewgwerg", "first_name": "", "last_name": "", "email": "mbasr33halova@yandex.ru", "is_staff": false, "is_active": true, "date_joined": "2022-09-12T14:50:27.745Z", "groups": [], "user_permissions": []}}, {"model": "auth.user", "pk": 26, "fields": {"password": "pbkdf2_sha256$390000$f2InGsPi1hWhJpBWllSGqz$ZL4ywJvvoBn2PJbhIJbeCAdJ6+V+cKJBw1x3kMs2qt0=", "last_login": "2024-09-13T13:05:51Z", "is_superuser": false, "username": "ghsf", "first_name": "", "last_name": "", "email": "naletovaffndre@yandex.ru", "is_staff": false, "is_active": true, "date_joined": "2022-09-13T13:05:51Z", "groups": [], "user_permissions": []}}, {"model": "auth.user", "pk": 27, "fields": {"password": "pbkdf2_sha256$390000$FtbONllYkB1GUTO8ueNCiS$+QW1o9HHkxuT4r6g6voG2iv2ujBgyVCIGHwqwGLvEbU=", "last_login": "2022-10-11T12:49:20.338Z", "is_superuser": false, "username": "fasfadsf", "first_name": "", "last_name": "", "email": "dmitrkdffcorkin@yandex.ru", "is_staff": false, "is_active": true, "date_joined": "2022-09-15T15:33:00.763Z", "groups": [], "user_permissions": []}}, {"model": "auth.user", "pk": 28, "fields": {"password": "pbkdf2_sha256$390000$sLWKbf85UAbC5wGbO7qR2r$x9M73QEQ0A/rreJK7zhq6WUsiZYZfnVjMoh2CxS+lwI=", "last_login": "2022-09-19T15:14:42.486Z", "is_superuser": false, "username": "test_g", "first_name": "", "last_name": "", "email": "g@g.ru", "is_staff": false, "is_active": true, "date_joined": "2022-09-19T15:14:42.380Z", "groups": [], "user_permissions": []}}, {"model": "auth.user", "pk": 29, "fields": {"password": "pbkdf2_sha256$390000$3eTc2zSuEj86dB9XsP2RnB$lAJBD+JozXxEaGaiJD4Ihn/Lefs7VM++orcQ/zMkhUg=", "last_login": "2024-09-27T14:20:47Z", "is_superuser": false, "username": "уцйа", "first_name": "", "last_name": "", "email": "wotelasdsdntj@gmail.com", "is_staff": false, "is_active": true, "date_joined": "2024-02-27T14:20:46Z", "groups": [], "user_permissions": []}}, {"model": "auth.user", "pk": 30, "fields": {"password": "pbkdf2_sha256$390000$oxKhuO2Z6vunJ7geiRFWmX$O+T6ZJO0RZ91R4uUxxmmQyF/74YwMDCw21Zt4+QyzFs=", "last_login": "2024-01-28T14:18:58Z", "is_superuser": false, "username": "taty", "first_name": "", "last_name": "", "email": "gsgwg@f.ru", "is_staff": false, "is_active": true, "date_joined": "2024-01-28T14:18:58Z", "groups": [], "user_permissions": []}}, {"model": "auth.user", "pk": 31, "fields": {"password": "pbkdf2_sha256$870000$jKluwqmlpZFYRkg0NrEBv2$TPeUBkatJRY1eJPy+Rp5YzmaZpcmeo5rWxI12NMtwEA=", "last_login": "2024-11-26T10:02:50Z", "is_superuser": true, "username": "admin", "first_name": "", "last_name": "", "email": "", "is_staff": true, "is_active": true, "date_joined": "2024-02-15T10:12:58Z", "groups": [], "user_permissions": []}}, {"model": "auth.user", "pk": 32, "fields": {"password": "pbkdf2_sha256$390000$8Tn2iHW2a040tB87kmM0d6$js5zFftHSHff4mRaoH4tAA7+OQrUvjy+tGxLS1k303Q=", "last_login": "2023-03-06T09:53:57.361Z", "is_superuser": false, "username": "rrr", "first_name": "", "last_name": "", "email": "rrr@ya.ru", "is_staff": false, "is_active": true, "date_joined": "2023-03-06T09:53:57.168Z", "groups": [], "user_permissions": []}}, {"model": "auth.user", "pk": 33, "fields": {"password": "pbkdf2_sha256$390000$qHB8otIE1I05jdKP3eD8uT$VRFvacENMUJgoPhNSGJfLrgoIuac6AuVporgRnTRs2c=", "last_login": "2024-03-06T09:57:23Z", "is_superuser": false, "username": "talki", "first_name": "", "last_name": "", "email": "talki@talki.ru", "is_staff": false, "is_active": true, "date_joined": "2024-03-06T09:57:23Z", "groups": [], "user_permissions": []}}, {"model": "auth.user", "pk": 34, "fields": {"password": "pbkdf2_sha256$390000$UCn6gcU3H2RLsMz830ijEl$L/ejHcJN7SYbzjCVv6Ufq5z3CTyEL4Cn+ob196/eBI0=", "last_login": "2023-03-06T10:14:49.564Z", "is_superuser": false, "username": "t", "first_name": "", "last_name": "", "email": "sfdsf@sdf.ru", "is_staff": false, "is_active": true, "date_joined": "2023-03-06T10:14:49.355Z", "groups": [], "user_permissions": []}}, {"model": "auth.user", "pk": 35, "fields": {"password": "pbkdf2_sha256$390000$Tce3SzHNsOYdQRsQbA3GOv$oydJiLd5ZbEEXoHq/IcCtQHgkHACYbOKdwZSHUkw4CM=", "last_login": "2023-03-06T10:15:25.351Z", "is_superuser": false, "username": "gg", "first_name": "", "last_name": "", "email": "gg@dl.ru", "is_staff": false, "is_active": true, "date_joined": "2023-03-06T10:15:25.161Z", "groups": [], "user_permissions": []}}, {"model": "auth.user", "pk": 36, "fields": {"password": "pbkdf2_sha256$390000$lNXKwxeZTGSLeQfCcDjMa1$FEl34+jstz7Ofbr9crONuhH1LuXsyJieqrYb4jVSH8E=", "last_login": "2024-03-06T10:23:02Z", "is_superuser": false, "username": "hhghgh", "first_name": "", "last_name": "", "email": "sfdswwwf@sdf.ru", "is_staff": false, "is_active": true, "date_joined": "2024-03-06T10:23:02Z", "groups": [], "user_permissions": []}}, {"model": "auth.user", "pk": 37, "fields": {"password": "pbkdf2_sha256$390000$J3ESvFxyJPZgqcVYTMv8xo$OEDLdTKBDfG7HfGkIUGz7zcCrsQ+Ot6CSMiVEPsqTgc=", "last_login": "2024-03-06T10:25:43Z", "is_superuser": false, "username": "rtrtrt", "first_name": "", "last_name": "", "email": "sfdttttttsf@sdf.ru", "is_staff": false, "is_active": true, "date_joined": "2023-03-06T10:25:42Z", "groups": [], "user_permissions": []}}, {"model": "auth.user", "pk": 38, "fields": {"password": "pbkdf2_sha256$390000$2GFfGv7hNWyCOS7DnwgNBO$XrEnuhjt7r3QvOBQlNFXDlQTOkvUEGRCGI3R/0F0LY8=", "last_login": "2023-03-06T13:06:08.252Z", "is_superuser": false, "username": "asdas", "first_name": "", "last_name": "", "email": "asdasd@f.ru", "is_staff": false, "is_active": true, "date_joined": "2023-03-06T13:06:08.040Z", "groups": [], "user_permissions": []}}, {"model": "auth.user", "pk": 39, "fields": {"password": "pbkdf2_sha256$320000$jzwplDhwqtOtw8yGkHMhoh$22FuBZFx1zVTIv3sZnPFlKvr8J1UADCS8dfxEUsSQOE=", "last_login": "2024-12-06T05:55:28Z", "is_superuser": false, "username": "Flich", "first_name": "", "last_name": "", "email": "zubastikbro915@gmail.com", "is_staff": false, "is_active": true, "date_joined": "2023-12-02T06:07:51Z", "groups": [], "user_permissions": []}}, {"model": "auth.user", "pk": 40, "fields": {"password": "pbkdf2_sha256$870000$Wp44SZ53dCdV1x7yf03tuO$RJT9IJu5y/ZpAi/AUfLEuB6QvqcJ8HIwJq1aQiXjhZg=", "last_login": "2024-02-18T19:09:04Z", "is_superuser": false, "username": "dawdaw", "first_name": "", "last_name": "", "email": "zubastikbro915@gmail.com", "is_staff": false, "is_active": true, "date_joined": "2024-02-18T19:09:04Z", "groups": [], "user_permissions": []}}, {"model": "contenttypes.contenttype", "pk": 1, "fields": {"app_label": "admin", "model": "logentry"}}, {"model": "contenttypes.contenttype", "pk": 2, "fields": {"app_label": "auth", "model": "permission"}}, {"model": "contenttypes.contenttype", "pk": 3, "fields": {"app_label": "auth", "model": "group"}}, {"model": "contenttypes.contenttype", "pk": 4, "fields": {"app_label": "auth", "model": "user"}}, {"model": "contenttypes.contenttype", "pk": 5, "fields": {"app_label": "contenttypes", "model": "contenttype"}}, {"model": "contenttypes.contenttype", "pk": 6, "fields": {"app_label": "sessions", "model": "session"}}, {"model": "contenttypes.contenttype", "pk": 7, "fields": {"app_label": "shop", "model": "category"}}, {"model": "contenttypes.contenttype", "pk": 8, "fields": {"app_label": "shop", "model": "product"}}, {"model": "contenttypes.contenttype", "pk": 9, "fields": {"app_label": "captcha", "model": "captchastore"}}, {"model": "contenttypes.contenttype", "pk": 10, "fields": {"app_label": "shop", "model": "review"}}, {"model": "contenttypes.contenttype", "pk": 11, "fields": {"app_label": "orders", "model": "order"}}, {"model": "contenttypes.contenttype", "pk": 12, "fields": {"app_label": "orders", "model": "orderitem"}}, {"model": "contenttypes.contenttype", "pk": 13, "fields": {"app_label": "shop", "model": "tag"}}, {"model": "contenttypes.contenttype", "pk": 14, "fields": {"app_label": "shop", "model": "filters"}}, {"model": "sessions.session", "pk": "0ylttawc4wq04dl9lkkqn5w2njmtb6md", "fields": {"session_data": ".eJxVjEEOgyAQRe8y64YIONS67N4zmIEZim0DiejKePfWxI3b_977GwSaF-i3_QYjrUsa1yrzODH0YDVcRk_hI_kg_Kb8KiqUvMyTV4eiTlrVUFi-z9O9HCSq6V-TNdE1PjqrI5lO2haxNZGNBMcRG2K8PzRrCsGi8SSine2489ggsraw_wBf-Tuc:1pZTus:lEWwv6DuGhUv-hcWwEe-hUk2XhsAObL-d5ExcOvwH0E", "expire_date": "2023-03-21T09:47:30.161Z"}}, {"model": "sessions.session", "pk": "14dzoc1s3xvpyfvmwcd4753jhr07moh1", "fields": {"session_data": ".eJxVjEEOgyAQRe_CuiHAOCAuu-8ZzDBAtW00AV0Z715NXLTb_95_m-hpXYZ-ran0YxSdAC1uv2MgfqfpJPFF03OWPE9LGYM8FXnRKh9zTJ_75f4FBqrD8W5BE7QerdPIqcUI1gawyhtm8Iwmm4YVuKx1MtlhaKz1GBQzKYfeH1Gmsohu2_cvDRg6QA:1r9Mvr:YGN6JVpvUvsrDEZn-r4bAVNHaL_S1AmgXVNBN36OR60", "expire_date": "2023-12-16T10:09:07.534Z"}}, {"model": "sessions.session", "pk": "2rok6pj0ov1gcte7gstuoy5olk7tn71e", "fields": {"session_data": "eyJjYXJ0Ijp7IjE2Ijp7InF1YW50aXR5Ijo1LCJwcmljZSI6IjEyMDAwLjAwIn19fQ:1pSEOl:hvXnkaswrTzA7CM4P2Xcs2SNYf7o1ZMiZ-veCoocAEk", "expire_date": "2023-03-01T09:48:23.874Z"}}, {"model": "sessions.session", "pk": "3cdfzfmxq2j1hk9ykzi0ub12ogzslw8j", "fields": {"session_data": ".eJxVjDsOgzAQBe-ydWQZG_8o03MGtGuvY5IIJAwV4u4JEg3tm5m3Q8RlhW4_HjDgtpZhq7wMY4IOGrhthPHD0wnSG6fXLOI8rctI4lTERavo58Tf5-XeDgrW8q-lJsXZB0U6qLYlb7320jZO55CQo2QdDbXGKsomODQpNZYpS-dyNshw_AAXvDtd:1oiFRI:jRM1kpORPy57X2U6mfuyc0j24U-bpX2kTb-yuObPTaY", "expire_date": "2022-10-25T13:36:56.134Z"}}, {"model": "sessions.session", "pk": "3xzsn8qro1n9e1wgbvcm8pwbg39h6zin", "fields": {"session_data": "eyJjYXJ0Ijp7fX0:1pSGBZ:tyjl1El96dwXzNIzxD4xeSzMQuD59Agc46ma_Csa72I", "expire_date": "2023-03-01T11:42:53.706Z"}}, {"model": "sessions.session", "pk": "4xv9uidzc3i1t8jv4dvhxlrnbzonnik6", "fields": {"session_data": "eyJjYXJ0Ijp7IjciOnsicXVhbnRpdHkiOjYsInByaWNlIjoiNTcwMC4wMCJ9fX0:1pSytA:g6fERkVYscg8heySDFJzzzcqlQ7JMt7Gja3yGdpjyIY", "expire_date": "2023-03-03T11:26:52.172Z"}}, {"model": "sessions.session", "pk": "55504i3itnno7ib4atel50nt7d0214ck", "fields": {"session_data": "eyJjYXJ0Ijp7fX0:1rBmcy:_zeGu29I9m8wqV99Odo3OiihnDw_xhlp-RoxOCWBMdE", "expire_date": "2023-12-23T01:59:36.053Z"}}, {"model": "sessions.session", "pk": "5ab8clb33d61il6x2tguyni3c8m4e3ob", "fields": {"session_data": ".eJxVjDEOgzAQBP9ydWRhmyOEMn1eEEXW2XcGEgQSNhXi7wGJhnZndlYINGdo1u0GjpbcuSXJ7HqGBqyGy-gp_GQ8CH9pbCcVpjHPvVeHok6a1GtiGZ6newl0lLr9TdbEqvCxsjqSqaUsEUsT2UioOGJBjPeHZk0hWDSeRHRla649Fois7R5NMkjIwi5Tm6B5g4HP9gfTTkLL:1r85Zh:3qUQeu_mPzajI2qOTw9-VrJ88chek94fPdamPbrpJ9Q", "expire_date": "2023-12-12T21:24:57.064Z"}}, {"model": "sessions.session", "pk": "5i4gx9tk2pr5nhg1jj492rvovxgi2986", "fields": {"session_data": "eyJjYXJ0Ijp7fX0:1oaIDJ:ZOy3cyt4Wo0Hb78K0rgsxT_4E757fvKbKC2Bw7P8Cs0", "expire_date": "2022-10-03T14:57:37.013Z"}}, {"model": "sessions.session", "pk": "7v3jtppvinedfdo4diwq855n11jgrt0z", "fields": {"session_data": ".eJxVjDsOgzAQRO-ydWTZXhsDZfqcwVqv14EkAolPhbh7QKJhynlvZgOmaYF22x8QaV26uM4yxT5DC2jgVibirwwnyR8a3qPicVimPqlTURed1WvM8nte7u2go7k71tammhHrhCyFSiOaA6YjjQQX0DgyzEiNL1TpKgs60t7WzmpB7zzB_gdvpTua:1roTjF:jS3el5bjkrBQd3yyUdpwLswwObl07_7QACt3v4NaY_U", "expire_date": "2024-04-07T19:42:01.595Z"}}, {"model": "sessions.session", "pk": "8vtd0b5qt6jecaiasci69o1wtimavrk9", "fields": {"session_data": "eyJjYXJ0Ijp7fX0:1pXjOG:qlkYS6QyW6jEr1uctsnsLQqIEFMWD23wFUEMO1i6yv4", "expire_date": "2023-03-16T13:54:36.655Z"}}, {"model": "sessions.session", "pk": "9hlii0z4snj7e37cktfm7qj47532s3wz", "fields": {"session_data": "eyJjYXJ0Ijp7fX0:1pY3bI:5XSOdPzAiiEYh4fCKStkvnZjoclmh_TnfZR6lpKxPIg", "expire_date": "2023-03-17T11:29:24.033Z"}}, {"model": "sessions.session", "pk": "bf8k7oallhvyygqrq4wfihjck36gy0jg", "fields": {"session_data": ".eJxVjMEOgjAQRP9lz6ahy4KFo3e_wBiy7baAGlBaDobw70Lihcsc5r2ZBRxPCeoFkPb8zDykPn2h1id4T73zUEOeqSyDdT1Bw3Pqmjn6qellJxoOpWX39MNO5MFDOyo3DmnqrdoV9adRXUfxr8vfPRx0HLttXQSxBZdcEaJ17Co0iIGFSnSayehyw5UlQk25ZOZsrAkkRSAMXthsp9G_vEtemsRthPoGOdzXH5YDTNc:1t676Y:7PCCtpgssr4K9dxtb2trLhE_pelMaroTYRYN9FKIz3g", "expire_date": "2024-11-13T11:43:14.666Z"}}, {"model": "sessions.session", "pk": "bit7e0lw6uz9tvbsndvkntewqkhmb902", "fields": {"session_data": ".eJxVjEEOgyAQRe8y64YIONS67N4zmIEZim0DiejKePfWxI3b_977GwSaF-i3_QYjrUsa1yrzODH0YDVcRk_hI_kg_Kb8KiqUvMyTV4eiTlrVUFi-z9O9HCSq6V-TNdE1PjqrI5lO2haxNZGNBMcRG2K8PzRrCsGi8SSine2489ggsraw_wBf-Tuc:1paXUZ:lkkq7q9XIu1nqiPyNgJyDMHdd40Hn8xkt9SNEQqOb6M", "expire_date": "2023-03-24T07:48:43.212Z"}}, {"model": "sessions.session", "pk": "cekz08i744ez100cexh6z0kf1myhwopt", "fields": {"session_data": ".eJxVjDsOwjAQBe_iGln-ZI1JSc8ZrLV3TQLIlpykinJ3EikFtG_mzSoCLvMQlolbGEn0wmpx-R0jpjeXg9ALy7PKVMvcxigPRZ50ko9K_Lmf7l9gwGnY32hNdipmZ3VG47nrADqTyXBylEEhwfWmSWNKFkxEZu2sJx9BAZC2ezRhm0W_btsXV1M7nA:1pXLaL:m57Uw35Ti7TRfRGU_tS7xa7uOjEOxjXAD6E2_q_0wLw", "expire_date": "2023-03-15T12:29:29.435Z"}}, {"model": "sessions.session", "pk": "ct8ywriwdhgzq42iayc5odjdk0398rgu", "fields": {"session_data": ".eJxVjDsOwjAQBe_iGln-fyjpOYO1a69xADlSnFSIu0OkFNC-mXkvlmBbW9oGLWkq7MwkO_1uCPlBfQflDv028zz3dZmQ7wo_6ODXudDzcrh_Bw1G-9ZCo6IaokIdlTEYXNBBOOl1jQUoC9LZorFOYbXRgy1FOsIqvK_VArH3B9BpOBE:1oRTgW:LoiDieNQYFU2FO5W1RTIaCSu_JximglgASw5WCbcRN4", "expire_date": "2022-09-09T07:23:20.956Z"}}, {"model": "sessions.session", "pk": "egjuhyogltk89eedt4qsq111xbbmckk2", "fields": {"session_data": ".eJxVjDEOgzAQBP9ydWTFx5kYyvR5QRShs88GEgQSNhXi7wGJhnZndlbwPGeo1-0GDS-5a5YU5qYXqKHQcBkd-18YDyJfHttJ-WnMc-_UoaiTJvWaJAzP070EOk7d_jZRnOGSK0J0nn2FFjGyUIleM1ld7rhyRKipkLt9WGcjiYmEMQjbPZrCEHwO0mRuE9RvMPDZ_tPSQt0:1tIFMq:jP9JAdoa1PW7XF2Mb2D32tOwRWCxZNftY3Dz3UpjOmI", "expire_date": "2024-12-16T22:58:12.895Z"}}, {"model": "sessions.session", "pk": "fcxllc67ni906vvzx376m4x6pl0lp88a", "fields": {"session_data": ".eJxVjDsOwjAQRO-ydWT5kzUhJT1niNZemxiQA4lToCh3B0tpaKaY92Y28DQX6DdQquZ7pVxS-UCPDbzm5AP0YLSUQkrY9wYGWss4rEuYh8SVKfgrHflHyJXwnfJtEn7KZU5OVEUcdBHXicPzcrh_ByMt429NRkcrXbRGRdJdaFvEVkfWwVuOKInxdFasyHuD2lEIypqOO4cSkZWB_Qui1EX6:1paGpF:jH37vwVUJxz3V90J2SE3LScVoV_cBZMDSamECHnyROI", "expire_date": "2023-03-23T14:00:57.299Z"}}, {"model": "sessions.session", "pk": "fd8bpfj7tbkdvy8fycjz4jhzolhhi79v", "fields": {"session_data": "eyJjYXJ0Ijp7fX0:1rBECI:MPu7oa_G-TmFE89jm_bu-Hwg1r30KtSZZ9hKt2s3p64", "expire_date": "2023-12-21T13:13:46.309Z"}}, {"model": "sessions.session", "pk": "fpd1ebz6q0c8xol6av5zgyc6ge2b9fox", "fields": {"session_data": "eyJjYXJ0Ijp7fX0:1p3yIL:hGM61iSopSa0Y1pa2DL0GqeBn5O_DMPgsppUpiMfrMs", "expire_date": "2022-12-24T11:45:29.990Z"}}, {"model": "sessions.session", "pk": "ft3w7f65s7k0sbiizq2j3khwazgxn0y8", "fields": {"session_data": "eyJjYXJ0Ijp7fX0:1paWnP:rwHhMxAyfGSDN0VciKDBdPpRdRA-61wmOF_jnX_y128", "expire_date": "2023-03-24T07:04:07.439Z"}}, {"model": "sessions.session", "pk": "ggwfqm937osirb91p3pgtk1wup3lnves", "fields": {"session_data": ".eJxVjDkOgzAQRe8ydWQ5eGFMmT5nQLPYgSQCiaVC3D1BoqH9772_gdC0QLPtN2hpXbp2nfPU9goNOITLyCSfPBxE3zS8RiPjsEw9m0MxJ53Nc9T8fZzu5aCjufvXmOqsLmiKJfjgY6wKBlEnjCl6wXuFISdrIxPX6uoi5NkWsciBU0yw_wBIvTtN:1pZB9A:FF1ZzuY-y6vP-xZV6hgVHBKfo3pCVIOKB0bn3hjYhy0", "expire_date": "2023-03-20T13:45:00.121Z"}}, {"model": "sessions.session", "pk": "h5uma2x1kcf71zweuq35ad7o6d6etb8h", "fields": {"session_data": ".eJxVjDsOgzAQBe_iOrKM_6ZMnzOgXXsdSCJbAlMh7h6QKJL2zbzZ2ABrG4d1oXmYEutZx26_G0J8UzlBekF5Vh5rafOE_FT4RRf-qIk-98v9C4ywjMdbKJSUfZCogtQavfXKC9s5lUMCioJUNKiNlZhNcGBS6ixhFs7lbICOaIS5sX7b9y8P7Dtd:1pZsk1:OLKoakricI7PXJ_4SeHymYAV5AAef_lm4zD6CMcEwy0", "expire_date": "2023-03-22T12:17:57.485Z"}}, {"model": "sessions.session", "pk": "i4bk7rdvlpexdexfrrrp4ux8dpsk5v98", "fields": {"session_data": "eyJjYXJ0Ijp7fX0:1pSwAj:1bk3MFw0pw9pl4jaFk5gbvXdejX9fZSN88NFpMsLNWI", "expire_date": "2023-03-03T08:32:49.717Z"}}, {"model": "sessions.session", "pk": "irf3fr0kqxolr6juwn00mdjwral0kaf3", "fields": {"session_data": "eyJjYXJ0Ijp7fX0:1odWiV:dNushKX6qVnGF_x64304c3eMV09iEso2m2RTBd3hvSg", "expire_date": "2022-10-12T13:03:11.291Z"}}, {"model": "sessions.session", "pk": "naqu5xkq5wlg99xjdwk2808sxf11z3m0", "fields": {"session_data": ".eJxVjEsOgzAMBe_idRUFAnbCsnvOgOw4KbQVSHxWiLu3SGzYvpl5O0SeV2j24wEdb2vfbUuau0GhAefgNgrHTxpPom8eX5OJ07jOg5hTMRddTDtp-j4v93bQ89L_a8xUek-ac3AksVasciayia1SChVWYqUItVDwwgHRakIt0TtvLUsBxw9aYTtD:1pZ7at:n4fEaRDE8GzOeWsTdOvHav4K4LcO0MlTT0CBNK0IG0Y", "expire_date": "2023-03-20T09:57:23.829Z"}}, {"model": "sessions.session", "pk": "ovl8q8tw95zyp160zisfyffvqidq2nqx", "fields": {"session_data": "eyJjYXJ0Ijp7fX0:1pRv7c:BOUy18D1qCVJvwNRn_7pCTMZrpFbRNLchxZQwRwNvrs", "expire_date": "2023-02-28T13:13:24.363Z"}}, {"model": "sessions.session", "pk": "pf96xbfwwhh2qlq576oa4fu37lfouwhl", "fields": {"session_data": ".eJxVjEEOgyAQRe8y64aUcaDosvuegQwMVNtGE8GV8e7VxI3b_977K0SeK3TrdgPPS-39UtLsB4EOGg2XMXD8pvEg8uHxPak4jXUegjoUddKiXpOk3_N0Lwc9l36vTZZg2HJLiCFybNEhZhayGDWT03bHbSBCTY3c3cMFl0lMJsxJ2MH2B18nO6s:1ssh2h:PdL3Hi9EgNhncrEbu2s40cQq8y-mqYx0Z8uyNKXYg0M", "expire_date": "2024-10-07T11:15:47.078Z"}}, {"model": "sessions.session", "pk": "phy02xjdjo3ii7qq47zviipm46jrgzo0", "fields": {"session_data": "eyJjYXJ0Ijp7fX0:1pZ7XZ:-MwrqrY4qfaNhVb3QyBh2cagiXcDDs-skKFnZm-wiPI", "expire_date": "2023-03-20T09:53:57.351Z"}}, {"model": "sessions.session", "pk": "pojjfffe905yw444fdef4i3h6hn3t75o", "fields": {"session_data": "eyJjYXJ0Ijp7fX0:1oaHrP:kfxOEcUwjbY8LzNbVxa8iacr2761cP3LEFJd75W2HeY", "expire_date": "2022-10-03T14:34:59.154Z"}}, {"model": "sessions.session", "pk": "ql00z7zxlrzjg93mq9vafmv5rg90wivx", "fields": {"session_data": ".eJxVjDsOgzAQRO-yNbL8wY5DmT5nQGuvHZxEJjGmiBB3D0g0NFPMezMLeCwVugWue3xnzDXVH3SigU9JPkAHlnPOOId1baDHuQ79PIXSJ9qYEnAqHfpXyDuhJ-bHyPyYa0mO7Qo76MTuI4X37XBPBwNOw7ZGJaPhLholIkob2lbrVkaSwRuKmiPpy1WQQO-Vlg5DEEZZsk5zrUkoWP99MkXQ:1pSeYh:xRdqYeCTOjE4Awpf_rilpvMK1I5iKWPbXHjmoX-bMBI", "expire_date": "2023-03-02T13:44:23.099Z"}}, {"model": "sessions.session", "pk": "r2g34aimp7pm1j826zbs183l3g2sce6v", "fields": {"session_data": ".eJxVjDEOgzAQBP9ydWTZPs7GlOl5AzqfTSCJQMJQIf6eINHQ7szsDsLLCs1-PKDjbR26reSlGxM0gAZuY2T55Okk6c3Ta1YyT-syRnUq6qJFtXPK3-fl3g4GLsO_rtEw1oGcNyS5poTORXQ6WBEMQra3lWj0vTHZ9p5i5VygqEVYewoBjh8jVjpA:1rCL4E:1Rt9BS1Yy35WYYpSI2op_V3ztsPkdr3k-kIqUB00F9I", "expire_date": "2023-12-24T14:46:02.616Z"}}, {"model": "sessions.session", "pk": "r4vz9qmllh126todaxp4fnyqf8tllo4q", "fields": {"session_data": ".eJxVjDsOgzAQRO-ydWTZWWzLlOlzBrTrT0wSgYRNhbg7RqKhmWLmvdnA01Kh3_YHDLTWPKwlLsMYoAd0cCuZ_C9O5xK-NH1m4eepLiOLExHXWsR7DvH_utjbQaaSm-2UTTKgYeWoky0SWY0OfUoKLbM0Bhk7H582JNKsjTZWN8E6VJ2XsB9JMzrJ:1rAneW:hYi0WJO5xWu-UPqmyXhVVn-y1kMOO7SyyT394Avw1ZU", "expire_date": "2023-12-20T08:53:08.920Z"}}, {"model": "sessions.session", "pk": "r6c7fdbq8iek8xkgld8m9yf6706hskhh", "fields": {"session_data": "eyJjYXJ0Ijp7fX0:1pZW1S:TFICFjbgjJGM3VoCtxtAEO50iFNdiJ0mzfyBY5O4YPE", "expire_date": "2023-03-21T12:02:26.448Z"}}, {"model": "sessions.session", "pk": "scerpizlnf2tfe1kpr5e43uzudiqtu2y", "fields": {"session_data": "eyJjYXJ0Ijp7fX0:1oaI1m:gpbJo3djNon-2XT66okTztBJTOwhm0UujP-xT8MSnzI", "expire_date": "2022-10-03T14:45:42.009Z"}}, {"model": "sessions.session", "pk": "se2jt3zvo85n35th46f6vmqdtbt63qzw", "fields": {"session_data": "eyJjYXJ0Ijp7fX0:1rBmdA:wPuhtBA0euq4ZgOJ4tDUnBfNrSRiCed_4nswq5-qt-M", "expire_date": "2023-12-23T01:59:48.633Z"}}, {"model": "sessions.session", "pk": "t9yeznd878b8aqwadk31c0ezyfagoduu", "fields": {"session_data": "eyJjYXJ0Ijp7IjkiOnsicXVhbnRpdHkiOjMsInByaWNlIjoiODAwMC4wMCJ9fX0:1pa9pz:ztkXIovodgEa6HzfRGTNjdHbJFGC9rWlBeegaaZSBL8", "expire_date": "2023-03-23T06:33:15.687Z"}}, {"model": "sessions.session", "pk": "tcz1n11n2qcvzs7njium6zwdfykf4kir", "fields": {"session_data": "eyJjYXJ0Ijp7fX0:1oXKDG:0aC0gnD6jRA3qmFHGKWUgoGbMRl_D-oVH4qpXyLFif4", "expire_date": "2022-09-25T10:29:18.256Z"}}, {"model": "sessions.session", "pk": "tjpj1pmmc8wimnks4ksi15vc0ayqgnwo", "fields": {"session_data": "eyJjYXJ0Ijp7IjE0Ijp7InF1YW50aXR5IjoxLCJwcmljZSI6IjEyMjAwLjAwIn19fQ:1pRtsG:h72E9He6ZRtoci6KHJKmD7UGEYwpaedysq4IbS-WCbU", "expire_date": "2023-02-28T11:53:28.500Z"}}, {"model": "sessions.session", "pk": "tmkp7zv1qvb9ox3phujnzhuwkqzjs7sf", "fields": {"session_data": ".eJx1jM0OgjAQBt9lz6bZtvSPo3efgZTdIqgBhXIwxHcXEhLDwcsevpmdBSiOGcoFpNzua4597vIbSnWC59hRghK0QhSI8DmB9EdL_6xCK1nsWvjb8ri3VquKc26reUpj1fHKlIfDWEe6p34jfIv9dRA09HnsarEpYqeTuAycHufdPQTaOLXrN3n0wbEy7Gz0bArtrTTEzhBZg2wtNY1zEgNKwyo1de0wUkDUPqwrfL4LpVoq:1odWif:4A8lrhru7Bg_NfJtizMUD6xfAWf_d-az30TZF1inO_E", "expire_date": "2022-10-12T13:03:21.342Z"}}, {"model": "sessions.session", "pk": "x4l4xzpz9igfcgsu81x1g7l62bue8rhd", "fields": {"session_data": ".eJxVjEEOgyAQRe8y64YIONS67N4zmIEZim0DiejKePfWxI3b_977GwSaF-i3_QYjrUsa1yrzODH0YDVcRk_hI_kg_Kb8KiqUvMyTV4eiTlrVUFi-z9O9HCSq6V-TNdE1PjqrI5lO2haxNZGNBMcRG2K8PzRrCsGi8SSine2489ggsraw_wBf-Tuc:1pZWSN:iyOt-ugEMK-xO7P4orW1KgGZXIJ8gf654L0-ikZKxGM", "expire_date": "2023-03-21T12:30:15.411Z"}}, {"model": "sessions.session", "pk": "xlpdjjjuf2z164jfawzuzt4xaix503x8", "fields": {"session_data": ".eJxVjEEOgyAQRe8y64aUcaDosvuegQwMVNtGE8GV8e7VxI3b_977K0SeK3TrdgPPS-39UtLsB4EOGg2XMXD8pvEg8uHxPak4jXUegjoUddKiXpOk3_N0Lwc9l36vTZZg2HJLiCFybNEhZhayGDWT03bHbSBCTY3c3cMFl0lMJsxJ2MH2B18nO6s:1tD7Em:0wcBSpOpCpazXJqplFga58Mn-DA330kuU2ULUQCeUMk", "expire_date": "2024-12-02T19:16:40.714Z"}}, {"model": "sessions.session", "pk": "z15772rsuvp080zejq11ytlxwelc7ewc", "fields": {"session_data": ".eJxVjDsOgzAQRO-yNbL8weZTps8Z0NprByeRSYwpIsTdAxINzRTz3swKDnOBfgXRHPldMJVYftCLCj45Og89dJJzxjlsWwUDLmUcltnnIdLOlIBLadG9fDoIPTE9JuamVHK07FDYSWd2n8i_b6d7ORhxHvc1KhkMt8EoEVC2vq61rmUg6Z2hoDmSbjpBAp1TWlr0XhjVUms115qEgu0PqPRGAg:1r45dO:17uQyf3pHSOZ94cTEuQBIbUJsmSZwchmWpahSWmSpmM", "expire_date": "2023-12-01T20:40:14.556Z"}}, {"model": "sessions.session", "pk": "zrp2ukfnj0hx008xundqwnh6n8h0vjf5", "fields": {"session_data": ".eJxVjDsOgzAQBe_iOrKM_6ZMnzOgXXsdSCJbAlMh7h6QKJL2zbzZ2ABrG4d1oXmYEutZx26_G0J8UzlBekF5Vh5rafOE_FT4RRf-qIk-98v9C4ywjMdbKJSUfZCogtQavfXKC9s5lUMCioJUNKiNlZhNcGBS6ixhFs7lbICOaIS5sX7b9y8P7Dtd:1oXJui:jwmWlm1c5898fi13-oR1vrp8Hv3zgBX9thTUAU_G9L4", "expire_date": "2022-09-25T10:10:08.966Z"}}, {"model": "captcha.captchastore", "pk": 451, "fields": {"challenge": "HMII", "response": "hmii", "hashkey": "d18df7fa5b25ebe0b11a87a3e76eb6472336d81f", "expiration": "2023-11-17T20:09:40.394Z"}}, {"model": "captcha.captchastore", "pk": 452, "fields": {"challenge": "GCIJ", "response": "gcij", "hashkey": "77cb123e3345f19fd8e62cf9188f35d503dc21ae", "expiration": "2023-11-24T21:44:04.047Z"}}, {"model": "captcha.captchastore", "pk": 453, "fields": {"challenge": "CVGM", "response": "cvgm", "hashkey": "6155a224a7d1b5319695f0f809c8341fe19fe046", "expiration": "2023-11-24T21:46:02.769Z"}}, {"model": "captcha.captchastore", "pk": 454, "fields": {"challenge": "EXKL", "response": "exkl", "hashkey": "da6b60acb5869b50709c905fe90387fa68935805", "expiration": "2023-12-02T05:55:38.069Z"}}, {"model": "captcha.captchastore", "pk": 455, "fields": {"challenge": "PRLM", "response": "prlm", "hashkey": "02e58c5c949576bb26f5e9913f80f6b44e665856", "expiration": "2023-12-06T09:21:24.520Z"}}, {"model": "shop.filters", "pk": 1, "fields": {"name": "Size", "slug": "size"}}, {"model": "shop.filters", "pk": 2, "fields": {"name": "Type", "slug": "type"}}, {"model": "shop.filters", "pk": 3, "fields": {"name": "Brand", "slug": "brand"}}, {"model": "shop.category", "pk": 6, "fields": {"name": "Hoodies & Sweatshirts", "slug": "hoodies-sweatshirts"}}, {"model": "shop.category", "pk": 7, "fields": {"name": "Hardware", "slug": "hardware"}}, {"model": "shop.category", "pk": 8, "fields": {"name": "Jerseys", "slug": "jerseys"}}, {"model": "shop.category", "pk": 9, "fields": {"name": "Drinks", "slug": "drinks"}}, {"model": "shop.category", "pk": 10, "fields": {"name": "T-shirts", "slug": "t-shirts"}}, {"model": "shop.tag", "pk": 1, "fields": {"name": "XS", "slug": "xs", "filters": 1}}, {"model": "shop.tag", "pk": 2, "fields": {"name": "S", "slug": "s", "filters": 1}}, {"model": "shop.tag", "pk": 3, "fields": {"name": "M", "slug": "m", "filters": 1}}, {"model": "shop.tag", "pk": 4, "fields": {"name": "L", "slug": "l", "filters": 1}}, {"model": "shop.tag", "pk": 5, "fields": {"name": "XL", "slug": "xl", "filters": 1}}, {"model": "shop.tag", "pk": 6, "fields": {"name": "Hoodie", "slug": "hoodie", "filters": 2}}, {"model": "shop.tag", "pk": 7, "fields": {"name": "Mouse", "slug": "mouse", "filters": 2}}, {"model": "shop.tag", "pk": 8, "fields": {"name": "Energy", "slug": "energy", "filters": 2}}, {"model": "shop.tag", "pk": 9, "fields": {"name": "Jacket", "slug": "jacket", "filters": 2}}, {"model": "shop.tag", "pk": 10, "fields": {"name": "Jersey", "slug": "jersey", "filters": 2}}, {"model": "shop.tag", "pk": 11, "fields": {"name": "G2", "slug": "g2", "filters": 3}}, {"model": "shop.tag", "pk": 12, "fields": {"name": "Astralis", "slug": "astralis", "filters": 3}}, {"model": "shop.tag", "pk": 13, "fields": {"name": "ESL", "slug": "esl", "filters": 3}}, {"model": "shop.tag", "pk": 14, "fields": {"name": "FaZe Clan", "slug": "faze-clan", "filters": 3}}, {"model": "shop.tag", "pk": 15, "fields": {"name": "NAVI", "slug": "navi", "filters": 3}}, {"model": "shop.tag", "pk": 18, "fields": {"name": "T-shirt", "slug": "t-shirt", "filters": 2}}, {"model": "shop.tag", "pk": 19, "fields": {"name": "Red Bull", "slug": "red-bull", "filters": 3}}, {"model": "shop.product", "pk": 19, "fields": {"category": 6, "title": "ESL x Champion Entry Pullover Hoodie", "slug": "esl-x-champion-entry-pullover-hoodie", "image": "изображение_2023-11-25_112920365.png", "description": "Which one are you?\r\n\r\nFive roles, each equally as important. You and your squad can now gear up and show your favorite ingame role. \r\n\r\nOfficial ESL Shop x Champion product\r\nColour: Black\r\nEmbroidered ESL logo on front\r\nChampion screen print on left sleeve elbow\r\nEntry icon screen print on back\r\nMaterial:  82% cotton, 18% polyester\r\nUnisex\r\nTransparency Note: This product comes with a minor typo", "price": "80.00", "available": true, "tags": [13, 6, 4, 3, 2, 5, 1]}}, {"model": "shop.product", "pk": 20, "fields": {"category": 7, "title": "ESL x Razer Mouse Viper", "slug": "esl-x-razer-mouse-viper", "image": "изображение_2023-11-25_233110188.png", "description": "Measurements: 126x37x66mm (WxHxD) \r\nCable length: 1800mm", "price": "88.00", "available": true, "tags": [13, 7]}}, {"model": "shop.product", "pk": 21, "fields": {"category": 6, "title": "NaVi x Puma Hoodie halfzip 2022", "slug": "navi-x-puma-hoodie-halfzip-2022", "image": "изображение_2023-11-26_162337141.png", "description": "-", "price": "80.00", "available": true, "tags": [6, 9, 4, 3, 15, 2, 5, 1]}}, {"model": "shop.product", "pk": 22, "fields": {"category": 8, "title": "G2 CS:GO 2023 Pro Jersey Black", "slug": "g2-csgo-2023-pro-jersey-black", "image": "изображение_2023-11-26_221635093.png", "description": "The official 2023 CS:GO Pro Kit jersey of G2 Esports. Made with 100% Recycled Polyester so you can be comfy and look good while you hit those flip resets. This is the jersey G2 Pro Players will compete in throughout 2023. \r\n\r\nProduct Benefits\r\n\r\nOfficial G2 Esports Merchandise\r\nHigh density sublimation, design will never crack or peel.\r\n100% recycled polyester\r\nSponsors on back and front are subject to change", "price": "75.00", "available": true, "tags": [11, 10, 4, 3, 2, 5, 1]}}, {"model": "shop.product", "pk": 24, "fields": {"category": 10, "title": "Astralis Big Star Short Sleeve Tee", "slug": "astralis-big-star-short-sleeve-tee", "image": "AST153_800x.webp", "description": "Tax included.", "price": "30.00", "available": false, "tags": [12, 4, 3, 2, 18, 5, 1]}}, {"model": "shop.product", "pk": 25, "fields": {"category": 7, "title": "ESL x Warmly Hand Warmer", "slug": "esl-x-warmly-hand-warmer", "image": "Warmly_HIGHresphoto1_800x.webp", "description": "The ESL x Warmly - Hand Warmer offers quick heating to your digits, where you can adjust the temperature from cozy warm up to 55°C! You might have seen them during an Intel® Extreme Masters, and there’s a good reason the pros take advantage of it.\r\n\r\n2 in 1\": This model splits in half using magnets. So you can have one in each hand/jacket\r\npocket.\r\n• Capacity: 10,000 mAh (5,000 mAh per unit)\r\n• Output: 10W\r\n• Four heat levels\r\n• Duration: 10+ hours on \"low\", 6 hours on medium and 3+ hours on the highest level\r\n• Power bank: Yes, USB-A charging\r\n\r\nPlease note: shipping takes place about 1 week after your order is placed. If you order additional products, expect two separate deliveries.\r\n\r\n unfortunately no shipping to China.", "price": "60.00", "available": true, "tags": [13]}}, {"model": "shop.review", "pk": 32, "fields": {"product": 19, "author": "Анонимный пользователь", "rating": 5, "text": "к4у3к42йукй3орпувй", "created": "2024-10-30T11:42:35.701Z"}}, {"model": "orders.order", "pk": 55, "fields": {"first_name": "fafawf", "last_name": "fawfawf", "email": "zubastik_bro@mail.ru", "address": "adwfesrgfead", "postal_code": "1231241", "city": "Moscow", "updated": "2024-12-02T22:45:05Z", "created": "2024-12-02T09:35:01Z", "paid": false}}, {"model": "orders.order", "pk": 56, "fields": {"first_name": "Алексей", "last_name": "Федотов", "email": "zubastijbro915@gmail.com", "address": "kotel'niki", "postal_code": "1231241", "city": "Moscow", "updated": "2024-11-26T10:02:38Z", "created": "2024-12-02T10:02:38Z", "paid": false}}, {"model": "orders.order", "pk": 57, "fields": {"first_name": "Алексей", "last_name": "Федотов", "email": "zubastijbro915@gmail.com", "address": "kotel'niki", "postal_code": "1231241", "city": "Moscow", "updated": "2024-12-02T21:46:19Z", "created": "2024-12-01T21:46:19Z", "paid": false}}, {"model": "orders.order", "pk": 58, "fields": {"first_name": "Алексей", "last_name": "Федотов", "email": "zubastijbro915@gmail.com", "address": "kotel'niki", "postal_code": "1231241", "city": "Moscow", "updated": "2024-12-02T22:18:43Z", "created": "2024-12-03T22:18:43Z", "paid": false}}, {"model": "orders.order", "pk": 59, "fields": {"first_name": "Алексей", "last_name": "Федотов", "email": "zubastijbro915@gmail.com", "address": "kotel'niki", "postal_code": "1231241", "city": "Moscow", "updated": "2024-12-02T22:44:10Z", "created": "2024-12-04T22:44:10Z", "paid": false}}, {"model": "orders.order", "pk": 60, "fields": {"first_name": "Алексей", "last_name": "Федотов", "email": "zubastijbro915@gmail.com", "address": "kotel'niki", "postal_code": "1231241", "city": "", "updated": "2024-12-02T22:44:12.668Z", "created": "2024-12-02T22:44:12.668Z", "paid": false}}, {"model": "orders.order", "pk": 61, "fields": {"first_name": "Алексей", "last_name": "Федотов", "email": "zubastijbro915@gmail.com", "address": "kotel'niki", "postal_code": "1231241", "city": "", "updated": "2024-12-02T22:44:14.161Z", "created": "2024-12-02T22:44:14.161Z", "paid": false}}, {"model": "orders.order", "pk": 62, "fields": {"first_name": "Алексей", "last_name": "Федотов", "email": "zubastijbro915@gmail.com", "address": "kotel'niki", "postal_code": "1231241", "city": "Moscow", "updated": "2024-12-02T22:44:15Z", "created": "2024-12-01T22:44:15Z", "paid": false}}, {"model": "orders.order", "pk": 63, "fields": {"first_name": "Алексей", "last_name": "Федотов", "email": "zubastijbro915@gmail.com", "address": "kotel'niki", "postal_code": "1231241", "city": "Moscow", "updated": "2024-12-02T22:44:15Z", "created": "2024-12-03T22:44:15Z", "paid": false}}, {"model": "orders.order", "pk": 64, "fields": {"first_name": "Алексей", "last_name": "Федотов", "email": "zubastijbro915@gmail.com", "address": "kotel'niki", "postal_code": "1231241", "city": "", "updated": "2024-12-02T22:44:16.682Z", "created": "2024-12-02T22:44:16.682Z", "paid": false}}, {"model": "orders.order", "pk": 65, "fields": {"first_name": "Алексей", "last_name": "Федотов", "email": "zubastijbro915@gmail.com", "address": "kotel'niki", "postal_code": "1231241", "city": "", "updated": "2024-12-02T22:44:17.521Z", "created": "2024-12-02T22:44:17.521Z", "paid": false}}, {"model": "orders.order", "pk": 66, "fields": {"first_name": "Алексей", "last_name": "Федотов", "email": "zubastijbro915@gmail.com", "address": "kotel'niki", "postal_code": "1231241", "city": "Moscow", "updated": "2024-12-02T22:44:18Z", "created": "2024-12-05T22:44:18Z", "paid": false}}, {"model": "orders.order", "pk": 67, "fields": {"first_name": "Алексей", "last_name": "Федотов", "email": "zubastijbro915@gmail.com", "address": "kotel'niki", "postal_code": "1231241", "city": "Moscow", "updated": "2024-12-02T22:44:19Z", "created": "2024-12-04T22:44:19Z", "paid": false}}, {"model": "orders.order", "pk": 68, "fields": {"first_name": "Алексей", "last_name": "Федотов", "email": "zubastijbro915@gmail.com", "address": "kotel'niki", "postal_code": "1231241", "city": "", "updated": "2024-12-02T22:44:19.912Z", "created": "2024-12-02T22:44:19.912Z", "paid": false}}, {"model": "orders.order", "pk": 69, "fields": {"first_name": "Алексей", "last_name": "Федотов", "email": "zubastijbro915@gmail.com", "address": "kotel'niki", "postal_code": "1231241", "city": "Moscow", "updated": "2024-12-02T22:44:20Z", "created": "2024-12-01T22:44:20Z", "paid": false}}, {"model": "orders.order", "pk": 70, "fields": {"first_name": "Алексей", "last_name": "Федотов", "email": "zubastijbro915@gmail.com", "address": "kotel'niki", "postal_code": "1231241", "city": "Moscow", "updated": "2024-12-02T22:44:21Z", "created": "2024-12-06T22:44:21Z", "paid": false}}, {"model": "orders.order", "pk": 71, "fields": {"first_name": "Алексей", "last_name": "Федотов", "email": "zubastijbro915@gmail.com", "address": "kotel'niki", "postal_code": "1231241", "city": "", "updated": "2024-12-02T22:44:22.196Z", "created": "2024-12-02T22:44:22.196Z", "paid": false}}, {"model": "orders.order", "pk": 72, "fields": {"first_name": "Алексей", "last_name": "Федотов", "email": "zubastijbro915@gmail.com", "address": "kotel'niki", "postal_code": "1231241", "city": "Moscow", "updated": "2024-12-02T22:44:23Z", "created": "2024-12-01T22:44:23Z", "paid": false}}, {"model": "orders.order", "pk": 73, "fields": {"first_name": "Алексей", "last_name": "Федотов", "email": "zubastijbro915@gmail.com", "address": "kotel'niki", "postal_code": "1231241", "city": "Moscow", "updated": "2024-12-01T22:44:24Z", "created": "2024-12-01T22:44:24Z", "paid": false}}, {"model": "orders.order", "pk": 74, "fields": {"first_name": "Алексей", "last_name": "Федотов", "email": "zubastijbro915@gmail.com", "address": "kotel'niki", "postal_code": "1231241", "city": "Moscow", "updated": "2024-12-03T22:44:25Z", "created": "2024-12-02T22:44:25Z", "paid": false}}, {"model": "orders.order", "pk": 75, "fields": {"first_name": "Алексей", "last_name": "Федотов", "email": "zubastijbro915@gmail.com", "address": "kotel'niki", "postal_code": "1231241", "city": "Moscow", "updated": "2024-12-02T22:55:54Z", "created": "2024-12-07T22:55:54Z", "paid": false}}, {"model": "orders.order", "pk": 76, "fields": {"first_name": "Алексей", "last_name": "Федотов", "email": "zubastijbro915@gmail.com", "address": "kotel'niki", "postal_code": "1231241", "city": "Moscow", "updated": "2024-12-02T22:55:56Z", "created": "2024-12-07T22:55:56Z", "paid": false}}, {"model": "orders.order", "pk": 77, "fields": {"first_name": "Алексей", "last_name": "Федотов", "email": "zubastijbro915@gmail.com", "address": "kotel'niki", "postal_code": "1231241", "city": "Moscow", "updated": "2024-12-02T22:55:57Z", "created": "2024-12-07T22:55:57Z", "paid": false}}, {"model": "orders.order", "pk": 78, "fields": {"first_name": "Алексей", "last_name": "Федотов", "email": "zubastijbro915@gmail.com", "address": "kotel'niki", "postal_code": "1231241", "city": "", "updated": "2024-12-02T22:55:58.189Z", "created": "2024-12-02T22:55:58.189Z", "paid": false}}, {"model": "orders.order", "pk": 79, "fields": {"first_name": "Алексей", "last_name": "Федотов", "email": "zubastijbro915@gmail.com", "address": "kotel'niki", "postal_code": "1231241", "city": "Moscow", "updated": "2024-12-02T22:55:59Z", "created": "2024-12-07T22:55:59Z", "paid": false}}, {"model": "orders.order", "pk": 80, "fields": {"first_name": "Алексей", "last_name": "Федотов", "email": "zubastijbro915@gmail.com", "address": "kotel'niki", "postal_code": "1231241", "city": "Moscow", "updated": "2024-12-02T22:55:59Z", "created": "2024-12-07T22:55:59Z", "paid": false}}, {"model": "orders.order", "pk": 81, "fields": {"first_name": "Алексей", "last_name": "Федотов", "email": "zubastijbro915@gmail.com", "address": "kotel'niki", "postal_code": "1231241", "city": "", "updated": "2024-12-02T22:56:00.813Z", "created": "2024-12-02T22:56:00.813Z", "paid": false}}, {"model": "orders.order", "pk": 82, "fields": {"first_name": "Алексей", "last_name": "Федотов", "email": "zubastijbro915@gmail.com", "address": "kotel'niki", "postal_code": "1231241", "city": "", "updated": "2024-12-02T22:56:01.618Z", "created": "2024-12-02T22:56:01.618Z", "paid": false}}, {"model": "orders.order", "pk": 83, "fields": {"first_name": "Алексей", "last_name": "Федотов", "email": "zubastijbro915@gmail.com", "address": "kotel'niki", "postal_code": "1231241", "city": "Moscow", "updated": "2024-12-02T22:56:02Z", "created": "2024-12-03T22:56:02Z", "paid": false}}, {"model": "orders.order", "pk": 84, "fields": {"first_name": "Алексей", "last_name": "Федотов", "email": "zubastijbro915@gmail.com", "address": "kotel'niki", "postal_code": "1231241", "city": "Moscow", "updated": "2024-12-02T22:56:03Z", "created": "2024-12-03T22:56:03Z", "paid": false}}, {"model": "orders.order", "pk": 85, "fields": {"first_name": "Алексей", "last_name": "Федотов", "email": "zubastijbro915@gmail.com", "address": "kotel'niki", "postal_code": "1231241", "city": "Moscow", "updated": "2024-12-02T22:56:03Z", "created": "2024-12-03T22:56:03Z", "paid": false}}, {"model": "orders.orderitem", "pk": 49, "fields": {"order": 55, "product": 24, "price": "30.00", "quantity": 1}}, {"model": "orders.orderitem", "pk": 50, "fields": {"order": 56, "product": 19, "price": "80.00", "quantity": 1}}, {"model": "orders.orderitem", "pk": 51, "fields": {"order": 57, "product": 19, "price": "80.00", "quantity": 1}}, {"model": "orders.orderitem", "pk": 52, "fields": {"order": 58, "product": 19, "price": "80.00", "quantity": 5}}, {"model": "orders.orderitem", "pk": 53, "fields": {"order": 58, "product": 20, "price": "88.00", "quantity": 4}}, {"model": "orders.orderitem", "pk": 54, "fields": {"order": 75, "product": 25, "price": "60.00", "quantity": 1}}]